State,Year,(R01) Total Revenue,(E001) Total Expenditure,Expenditure Percent Change
Alabama,1978,3109,2986,0.5048805116
Alabama,1979,3082,2908,-2.612190221
Alabama,1980,2967,2859,-1.6850068776
Alabama,1981,3291,2819,-1.3990905911
Alabama,1982,2921,2829,0.3547357219
Alabama,1983,3076,3059,8.1300813008
Alabama,1984,3464,2903,-5.0997057862
Alabama,1985,3555,3267,12.5387530141
Alabama,1986,3569,3331,1.9589837772
Alabama,1987,3566,3188,-4.2930051036
Alabama,1988,3869,3317,4.0464240903
Alabama,1989,3803,3400,2.5022610793
Alabama,1990,3937,3522,3.5882352941
Alabama,1991,4017,3642,3.4071550256
Alabama,1992,4151,3802,4.3931905546
Alabama,1993,4294,3862,1.5781167806
Alabama,1994,4218,3933,1.8384256862
Alabama,1995,4365,4079,3.7121789982
Alabama,1996,4305,4097,0.4412846286
Alabama,1997,4588,4239,3.4659506956
Alabama,1998,4745,4390,3.562160887
Alabama,1999,4822,4573,4.1685649203
Alabama,2000,5048,4753,3.9361469495
Alabama,2001,5183,4851,2.0618556701
Alabama,2002,4257,5127,5.6895485467
Alabama,2003,5292,5118,-0.1755412522
Alabama,2004,5741,5243,2.442360297
Alabama,2005,5736,5234,-0.171657448
Alabama,2006,5835,5302,1.2991975545
Alabama,2007,6433,5567,4.9981139193
Alabama,2008,3997,5626,1.0598167774
Alabama,2009,4507,5943,5.6345538571
Alabama,2010,5948,6094,2.5408043076
Alabama,2011,5590,5965,-2.1168362324
Alabama,2012,6013,5747,-3.6546521375
Alaska,1978,11539,11288,3.1621275818
Alaska,1979,13318,11492,1.8072289157
Alaska,1980,22201,13974,21.5976331361
Alaska,1981,30984,15350,9.8468584514
Alaska,1982,31162,17362,13.1074918567
Alaska,1983,24763,18190,4.7690358254
Alaska,1984,23498,17881,-1.698735569
Alaska,1985,23712,19834,10.9222079302
Alaska,1986,23537,16246,-18.0901482303
Alaska,1987,18322,16550,1.8712298412
Alaska,1988,18470,15032,-9.1722054381
Alaska,1989,17302,15051,0.1263970197
Alaska,1990,17611,14883,-1.1162049033
Alaska,1991,18788,14608,-1.8477457502
Alaska,1992,17587,14607,-0.0068455641
Alaska,1993,19504,14375,-1.588279592
Alaska,1994,15929,14769,2.7408695652
Alaska,1995,20852,13956,-5.5047735121
Alaska,1996,19846,13536,-3.0094582975
Alaska,1997,22027,13355,-1.3371749409
Alaska,1998,20538,13185,-1.2729314863
Alaska,1999,16131,13545,2.7303754266
Alaska,2000,18227,14037,3.6323366556
Alaska,2001,12655,18509,31.8586592577
Alaska,2002,9972,14708,-20.5359554811
Alaska,2003,13325,15629,6.2618982866
Alaska,2004,16319,14913,-4.5812272058
Alaska,2005,16191,14200,-4.7810635016
Alaska,2006,18289,14517,2.2323943662
Alaska,2007,20867,14961,3.0584831577
Alaska,2008,25307,15692,4.8860370296
Alaska,2009,14763,16831,7.2584756564
Alaska,2010,18262,16223,-3.6123819143
Alaska,2011,21054,15973,-1.5410220058
Alaska,2012,20608,16061,0.5509296939
Arizona,1978,3389,2891,-0.7211538462
Arizona,1979,3377,2742,-5.1539259772
Arizona,1980,3244,2684,-2.1152443472
Arizona,1981,3060,2764,2.9806259314
Arizona,1982,2884,2672,-3.3285094067
Arizona,1983,3082,2787,4.3038922156
Arizona,1984,3280,2915,4.5927520632
Arizona,1985,3573,3082,5.7289879931
Arizona,1986,3823,3213,4.250486697
Arizona,1987,3924,3472,8.0610021786
Arizona,1988,3771,3469,-0.08640553
Arizona,1989,3873,3659,5.4770827328
Arizona,1990,4110,3941,7.707023777
Arizona,1991,4012,3578,-9.2108601878
Arizona,1992,3992,3801,6.2325321409
Arizona,1993,4238,3823,0.5787950539
Arizona,1994,4288,3840,0.4446769553
Arizona,1995,4280,3794,-1.1979166667
Arizona,1996,4018,3796,0.0527148129
Arizona,1997,4064,3750,-1.2118018967
Arizona,1998,4783,3844,2.5066666667
Arizona,1999,4148,3917,1.8990634755
Arizona,2000,4215,4215,7.6078631606
Arizona,2001,3808,4214,-0.0237247924
Arizona,2002,4091,4401,4.4375889891
Arizona,2003,4060,4440,0.8861622359
Arizona,2004,5114,4680,5.4054054054
Arizona,2005,5124,4855,3.7393162393
Arizona,2006,5602,4977,2.5128733265
Arizona,2007,5725,5176,3.998392606
Arizona,2008,4609,5239,1.2171561051
Arizona,2009,3920,5317,1.4888337469
Arizona,2010,5481,5424,2.0124130149
Arizona,2011,6000,5187,-4.3694690265
Arizona,2012,4905,4868,-6.1499903605
Arkansas,1978,2891,2647,1.3787820758
Arkansas,1979,2743,2643,-0.1511144692
Arkansas,1980,2794,2614,-1.0972379871
Arkansas,1981,2785,2595,-0.726855394
Arkansas,1982,2600,2450,-5.5876685934
Arkansas,1983,2738,2487,1.5102040816
Arkansas,1984,2826,2511,0.9650180941
Arkansas,1985,3065,2768,10.2349661489
Arkansas,1986,3255,3014,8.887283237
Arkansas,1987,3354,2997,-0.5640345056
Arkansas,1988,3279,2958,-1.3013013013
Arkansas,1989,3393,3031,2.4678837052
Arkansas,1990,3388,3148,3.8601121742
Arkansas,1991,3402,3289,4.4790343075
Arkansas,1992,3972,3711,12.8306476133
Arkansas,1993,4170,3891,4.8504446241
Arkansas,1994,4267,3775,-2.9812387561
Arkansas,1995,4378,3931,4.1324503311
Arkansas,1996,4919,4011,2.0351055711
Arkansas,1997,4864,4226,5.360259287
Arkansas,1998,5088,4346,2.8395646001
Arkansas,1999,5384,4648,6.9489185458
Arkansas,2000,5371,4773,2.6893287435
Arkansas,2001,4976,5104,6.9348418186
Arkansas,2002,4833,5448,6.7398119122
Arkansas,2003,5406,5534,1.5785609398
Arkansas,2004,6288,5605,1.2829779545
Arkansas,2005,6306,5528,-1.3737734166
Arkansas,2006,6652,5630,1.8451519537
Arkansas,2007,7065,5811,3.214920071
Arkansas,2008,5606,5808,-0.0516262261
Arkansas,2009,4610,5972,2.8236914601
Arkansas,2010,7161,6487,8.6235766912
Arkansas,2011,7914,6552,1.002004008
Arkansas,2012,6249,6651,1.510989011
California,1978,4546,3797,-0.1840168244
California,1979,4224,3851,1.4221754016
California,1980,4225,3841,-0.2596728123
California,1981,4114,4040,5.1809424629
California,1982,4050,3877,-4.0346534653
California,1983,3978,3863,-0.3611039464
California,1984,4329,3823,-1.0354646648
California,1985,4672,4183,9.4166884646
California,1986,4946,4437,6.0721969878
California,1987,5122,4546,2.4566148298
California,1988,4993,4562,0.3519577651
California,1989,5178,4600,0.8329679965
California,1990,5235,4624,0.5217391304
California,1991,5022,4738,2.4653979239
California,1992,5389,5137,8.4212747995
California,1993,5517,5312,3.4066575822
California,1994,5493,5143,-3.1814759036
California,1995,5623,5192,0.9527513125
California,1996,5637,5181,-0.2118644068
California,1997,5773,5161,-0.3860258637
California,1998,6191,5138,-0.4456500678
California,1999,6336,5499,7.0260801868
California,2000,6766,5875,6.8376068376
California,2001,6621,6410,9.1063829787
California,2002,5535,6768,5.5850234009
California,2003,6921,7236,6.914893617
California,2004,7848,6936,-4.1459369818
California,2005,8212,6904,-0.461361015
California,2006,8339,7124,3.1865585168
California,2007,9091,7101,-0.3228523302
California,2008,5803,7186,1.197014505
California,2009,3279,7353,2.3239632619
California,2010,7853,7259,-1.2783897729
California,2011,9119,7655,5.4552968728
California,2012,6605,7080,-7.5114304376
Colorado,1978,3405,2901,-4.0357260999
Colorado,1979,3386,2795,-3.653912444
Colorado,1980,3224,2687,-3.8640429338
Colorado,1981,2969,2809,4.5403796055
Colorado,1982,2957,2825,0.5695977216
Colorado,1983,3092,2988,5.7699115044
Colorado,1984,3400,3179,6.3922356091
Colorado,1985,3525,3203,0.7549543882
Colorado,1986,3879,3204,0.0312207306
Colorado,1987,4158,3382,5.5555555556
Colorado,1988,3883,3343,-1.1531638084
Colorado,1989,3938,3322,-0.628178283
Colorado,1990,4044,3457,4.0638169777
Colorado,1991,3913,3480,0.6653167486
Colorado,1992,4249,3507,0.775862069
Colorado,1993,4409,3813,8.7254063302
Colorado,1994,4339,3703,-2.8848675584
Colorado,1995,4549,3859,4.2128004321
Colorado,1996,4430,3814,-1.1661052086
Colorado,1997,4549,3867,1.3896171998
Colorado,1998,4627,3859,-0.2068787174
Colorado,1999,4617,4288,11.1168696554
Colorado,2000,5257,4292,0.0932835821
Colorado,2001,5792,4595,7.0596458527
Colorado,2002,3546,4924,7.1599564744
Colorado,2003,3804,4874,-1.015434606
Colorado,2004,6119,4793,-1.6618793599
Colorado,2005,5699,4755,-0.7928228667
Colorado,2006,5664,4862,2.2502628812
Colorado,2007,6125,4824,-0.7815713698
Colorado,2008,5784,4987,3.3789386401
Colorado,2009,2129,5261,5.4942851414
Colorado,2010,5714,5631,7.0328834822
Colorado,2011,6018,5654,0.4084532055
Colorado,2012,4950,5441,-3.7672444287
Connecticut,1978,3310,3174,-2.5782688766
Connecticut,1979,3238,3027,-4.6313799622
Connecticut,1980,3108,2990,-1.2223323423
Connecticut,1981,3126,3019,0.9698996656
Connecticut,1982,3262,3027,0.2649884068
Connecticut,1983,3431,3227,6.60720185
Connecticut,1984,3832,3383,4.8342113418
Connecticut,1985,4199,3619,6.9760567544
Connecticut,1986,4526,3905,7.9027355623
Connecticut,1987,4678,4149,6.2483994878
Connecticut,1988,4810,4459,7.4716799229
Connecticut,1989,5100,5059,13.4559318233
Connecticut,1990,5134,5275,4.2696185017
Connecticut,1991,5010,5673,7.5450236967
Connecticut,1992,5842,5765,1.6217169046
Connecticut,1993,6119,6005,4.1630529055
Connecticut,1994,5627,6056,0.8492922565
Connecticut,1995,6217,6153,1.6017173052
Connecticut,1996,6293,5933,-3.5754916301
Connecticut,1997,6469,5905,-0.4719366257
Connecticut,1998,6915,6076,2.8958509738
Connecticut,1999,6689,6191,1.8926925609
Connecticut,2000,7037,6535,5.5564529155
Connecticut,2001,6703,6869,5.1109410865
Connecticut,2002,6270,7423,8.0652205561
Connecticut,2003,6532,7421,-0.0269432844
Connecticut,2004,6602,6789,-8.5163724565
Connecticut,2005,6857,6680,-1.6055383709
Connecticut,2006,7448,6783,1.5419161677
Connecticut,2007,8068,6771,-0.1769128704
Connecticut,2008,6459,7076,4.5045045045
Connecticut,2009,5403,7706,8.9033352176
Connecticut,2010,7902,8077,4.814430314
Connecticut,2011,8302,7990,-1.0771325987
Connecticut,2012,7609,7899,-1.1389236546
Delaware,1978,4714,4268,-3.8305543037
Delaware,1979,4589,4026,-5.6701030928
Delaware,1980,4545,4150,3.0799801292
Delaware,1981,4761,4361,5.0843373494
Delaware,1982,4725,4305,-1.2841091493
Delaware,1983,5008,4082,-5.1800232288
Delaware,1984,5397,4377,7.2268495835
Delaware,1985,5813,4608,5.2775873886
Delaware,1986,5924,4724,2.5173611111
Delaware,1987,6315,4929,4.3395427604
Delaware,1988,6035,5217,5.8429701765
Delaware,1989,6347,5427,4.0253018976
Delaware,1990,6119,5582,2.8560899208
Delaware,1991,6028,5721,2.4901469008
Delaware,1992,6653,5828,1.8703023947
Delaware,1993,6470,5752,-1.3040494166
Delaware,1994,6988,5651,-1.7559109875
Delaware,1995,7104,6153,8.883383472
Delaware,1996,7138,6415,4.2580854868
Delaware,1997,8015,6479,0.9976617303
Delaware,1998,8477,6395,-1.2964963729
Delaware,1999,8074,7008,9.5856137608
Delaware,2000,8752,7139,1.8692922374
Delaware,2001,8332,7025,-1.5968623056
Delaware,2002,7413,7352,4.6548042705
Delaware,2003,7689,7410,0.7889009793
Delaware,2004,8369,7882,6.3697705803
Delaware,2005,8575,8296,5.2524739914
Delaware,2006,9075,8651,4.2791706847
Delaware,2007,9469,8556,-1.0981389435
Delaware,2008,8022,8629,0.853202431
Delaware,2009,6937,8834,2.3757098157
Delaware,2010,9326,9160,3.6902875255
Delaware,2011,10269,8922,-2.5982532751
Delaware,2012,8740,9068,1.6364043936
Florida,1978,2484,2203,-4.1340295909
Florida,1979,2433,2158,-2.0426690876
Florida,1980,2328,2092,-3.0583873957
Florida,1981,2237,2050,-2.0076481836
Florida,1982,2128,2118,3.3170731707
Florida,1983,2266,2117,-0.0472143532
Florida,1984,2381,2066,-2.4090694379
Florida,1985,2588,2416,16.9409486931
Florida,1986,2846,2470,2.2350993377
Florida,1987,2930,2599,5.2226720648
Florida,1988,3058,2812,8.1954597922
Florida,1989,3247,2927,4.0896159317
Florida,1990,3217,2928,0.0341646737
Florida,1991,3089,3173,8.3674863388
Florida,1992,3405,3265,2.8994642294
Florida,1993,3789,3434,5.1761102603
Florida,1994,3787,3423,-0.3203261503
Florida,1995,3871,3601,5.2001168566
Florida,1996,4109,3591,-0.2777006387
Florida,1997,3894,3529,-1.7265385686
Florida,1998,4706,3567,1.0767922924
Florida,1999,4303,3713,4.0930754135
Florida,2000,4289,3756,1.1580931861
Florida,2001,3675,3984,6.0702875399
Florida,2002,3708,3964,-0.5020080321
Florida,2003,4052,4133,4.263370333
Florida,2004,5213,4077,-1.3549479797
Florida,2005,5097,4688,14.9865096885
Florida,2006,5433,4789,2.1544368601
Florida,2007,5920,4417,-7.7678012111
Florida,2008,3965,4463,1.0414308354
Florida,2009,2623,4341,-2.7335872731
Florida,2010,5126,4572,5.3213545266
Florida,2011,5629,4527,-0.9842519685
Florida,2012,4264,4114,-9.1230395405
Georgia,1978,2756,2593,3.6785285886
Georgia,1979,2701,2550,-1.6583108369
Georgia,1980,2638,2489,-2.3921568627
Georgia,1981,2652,2450,-1.5668943351
Georgia,1982,2587,2530,3.2653061224
Georgia,1983,2814,2641,4.3873517787
Georgia,1984,2825,2537,-3.9379023097
Georgia,1985,3135,2726,7.4497437919
Georgia,1986,3233,2937,7.7402787968
Georgia,1987,3334,2950,0.4426285325
Georgia,1988,3347,3000,1.6949152542
Georgia,1989,3436,3129,4.3
Georgia,1990,3560,3294,5.2732502397
Georgia,1991,3513,3366,2.1857923497
Georgia,1992,3543,3374,0.2376708259
Georgia,1993,3772,3486,3.3195020747
Georgia,1994,3954,3641,4.446356856
Georgia,1995,4170,3938,8.1570996979
Georgia,1996,4372,3904,-0.8633824276
Georgia,1997,4473,4090,4.7643442623
Georgia,1998,4150,3893,-4.8166259169
Georgia,1999,4734,3974,2.0806575905
Georgia,2000,4802,4021,1.1826874685
Georgia,2001,3908,4312,7.23700572
Georgia,2002,3727,4703,9.0677179963
Georgia,2003,4323,4707,0.0850520944
Georgia,2004,4698,4744,0.78606331
Georgia,2005,4756,4696,-1.0118043845
Georgia,2006,4748,4509,-3.9821124361
Georgia,2007,5348,4956,9.9135063207
Georgia,2008,4617,4619,-6.7998385795
Georgia,2009,3739,4611,-0.1731976618
Georgia,2010,4866,4822,4.5760138799
Georgia,2011,5439,4710,-2.3226876815
Georgia,2012,4099,4513,-4.1825902335
Hawaii,1978,5899,5669,-8.7851971038
Hawaii,1979,5559,5073,-10.5133180455
Hawaii,1980,5457,4780,-5.7756751429
Hawaii,1981,5384,4747,-0.690376569
Hawaii,1982,5139,4775,0.5898462187
Hawaii,1983,5253,4958,3.832460733
Hawaii,1984,5463,4824,-2.7027027027
Hawaii,1985,5494,5210,8.0016583748
Hawaii,1986,5865,4923,-5.5086372361
Hawaii,1987,5989,4947,0.4875076173
Hawaii,1988,6505,5047,2.0214271276
Hawaii,1989,6835,5385,6.6970477511
Hawaii,1990,6883,6045,12.2562674095
Hawaii,1991,7289,6688,10.6368899917
Hawaii,1992,7484,7488,11.961722488
Hawaii,1993,7510,7594,1.4155982906
Hawaii,1994,7433,7574,-0.2633658151
Hawaii,1995,7272,7571,-0.0396091893
Hawaii,1996,7760,7229,-4.5172368247
Hawaii,1997,7911,7194,-0.4841610181
Hawaii,1998,7836,6793,-5.574089519
Hawaii,1999,7568,7135,5.0345944354
Hawaii,2000,7626,7257,1.709880869
Hawaii,2001,6970,7182,-1.0334849111
Hawaii,2002,6042,7665,6.7251461988
Hawaii,2003,6790,7591,-0.9654272668
Hawaii,2004,8036,7516,-0.9880121196
Hawaii,2005,8268,7644,1.7030335285
Hawaii,2006,8571,7751,1.3997906855
Hawaii,2007,9343,8332,7.4958069926
Hawaii,2008,7443,8567,2.8204512722
Hawaii,2009,5635,8936,4.3072253998
Hawaii,2010,8930,8654,-3.1557743957
Hawaii,2011,9494,8507,-1.6986364687
Hawaii,2012,7626,8320,-2.1981897261
Idaho,1978,3431,3236,-2.3241774826
Idaho,1979,3373,3022,-6.6131025958
Idaho,1980,3256,3061,1.2905360688
Idaho,1981,3213,2991,-2.2868343679
Idaho,1982,3035,2953,-1.270478101
Idaho,1983,3167,2924,-0.9820521504
Idaho,1984,3296,3003,2.7017783858
Idaho,1985,3456,3091,2.9304029304
Idaho,1986,3689,3208,3.7851827887
Idaho,1987,3833,3294,2.680798005
Idaho,1988,3799,3330,1.0928961749
Idaho,1989,4131,3460,3.9039039039
Idaho,1990,4227,3551,2.6300578035
Idaho,1991,4183,3732,5.0971557308
Idaho,1992,4317,3976,6.5380493033
Idaho,1993,4723,3977,0.0251509054
Idaho,1994,4898,4044,1.68468695
Idaho,1995,4921,4300,6.3303659743
Idaho,1996,5332,4259,-0.9534883721
Idaho,1997,4994,4278,0.4461141113
Idaho,1998,5292,4258,-0.4675081814
Idaho,1999,5262,4570,7.3273837482
Idaho,2000,5722,4610,0.875273523
Idaho,2001,5192,4863,5.4880694143
Idaho,2002,4273,4984,2.488176023
Idaho,2003,5027,4956,-0.5617977528
Idaho,2004,6211,5032,1.5334947538
Idaho,2005,5930,5057,0.4968203498
Idaho,2006,6037,4926,-2.5904686573
Idaho,2007,6719,5108,3.694681283
Idaho,2008,4971,5364,5.0117462803
Idaho,2009,3841,5687,6.0216256525
Idaho,2010,5939,5707,0.3516792685
Idaho,2011,6751,5628,-1.3842649378
Idaho,2012,5207,5203,-7.5515280739
Illinois,1978,3178,3065,-7.1493486822
Illinois,1979,3101,2882,-5.9706362153
Illinois,1980,3102,3029,5.1006245663
Illinois,1981,3145,3076,1.5516672169
Illinois,1982,3003,2945,-4.2587776333
Illinois,1983,3055,3032,2.9541595925
Illinois,1984,3189,2914,-3.8918205805
Illinois,1985,3289,3087,5.9368565546
Illinois,1986,3576,3279,6.2196307094
Illinois,1987,3661,3339,1.8298261665
Illinois,1988,3501,3274,-1.9466906259
Illinois,1989,3610,3302,0.8552229688
Illinois,1990,3768,3385,2.5136281042
Illinois,1991,3656,3587,5.9675036928
Illinois,1992,3899,3755,4.683579593
Illinois,1993,4083,3784,0.7723035952
Illinois,1994,4160,3830,1.2156448203
Illinois,1995,4352,4139,8.0678851175
Illinois,1996,4501,4125,-0.3382459531
Illinois,1997,4580,4144,0.4606060606
Illinois,1998,4644,4096,-1.1583011583
Illinois,1999,4828,4272,4.296875
Illinois,2000,5203,4416,3.3707865169
Illinois,2001,4915,4689,6.1820652174
Illinois,2002,4187,5006,6.7605033056
Illinois,2003,4415,5097,1.8178186177
Illinois,2004,5757,5296,3.9042574063
Illinois,2005,5481,5162,-2.5302114804
Illinois,2006,5631,5021,-2.7314994188
Illinois,2007,6221,5211,3.7841067516
Illinois,2008,4741,5302,1.7463058914
Illinois,2009,3227,5722,7.9215390419
Illinois,2010,5930,6172,7.8643830828
Illinois,2011,6546,5859,-5.0712896954
Illinois,2012,5354,5644,-3.6695681857
Indiana,1978,2731,2411,-0.4952538176
Indiana,1979,2664,2362,-2.0323517213
Indiana,1980,2433,2470,4.5723962743
Indiana,1981,2529,2610,5.6680161943
Indiana,1982,2462,2478,-5.0574712644
Indiana,1983,2608,2471,-0.2824858757
Indiana,1984,2900,2598,5.1396195872
Indiana,1985,3094,2769,6.5819861432
Indiana,1986,3259,2899,4.6948356808
Indiana,1987,3342,3080,6.2435322525
Indiana,1988,3444,3127,1.525974026
Indiana,1989,3598,3241,3.6456667733
Indiana,1990,3632,3292,1.5735883986
Indiana,1991,3688,3522,6.9866342649
Indiana,1992,4031,3559,1.0505394662
Indiana,1993,4062,3914,9.9747119978
Indiana,1994,4280,4024,2.8104241185
Indiana,1995,4186,3935,-2.2117296223
Indiana,1996,4101,3808,-3.2274459975
Indiana,1997,4236,3934,3.3088235294
Indiana,1998,4197,4044,2.7961362481
Indiana,1999,4366,4244,4.9455984174
Indiana,2000,4477,4441,4.6418473139
Indiana,2001,4394,4566,2.8146813781
Indiana,2002,4170,4603,0.8103372755
Indiana,2003,4944,4650,1.0210732131
Indiana,2004,5255,4970,6.8817204301
Indiana,2005,5078,4936,-0.6841046278
Indiana,2006,5909,4821,-2.329821718
Indiana,2007,5668,4968,3.0491599253
Indiana,2008,4866,5064,1.9323671498
Indiana,2009,4631,5272,4.1074249605
Indiana,2010,5772,5755,9.1616084977
Indiana,2011,6092,5523,-4.0312771503
Indiana,2012,5493,5481,-0.7604562738
Iowa,1978,3347,3308,-0.3013863773
Iowa,1979,3314,3264,-1.3301088271
Iowa,1980,3327,3262,-0.0612745098
Iowa,1981,3188,3141,-3.709380748
Iowa,1982,3200,3215,2.3559375995
Iowa,1983,3298,3338,3.8258164852
Iowa,1984,3363,3306,-0.958657879
Iowa,1985,3542,3491,5.5958862674
Iowa,1986,3987,3641,4.2967631051
Iowa,1987,4003,3707,1.8126888218
Iowa,1988,4081,3727,0.5395198274
Iowa,1989,4311,3938,5.6613898578
Iowa,1990,4262,3990,1.3204672423
Iowa,1991,4300,4109,2.9824561404
Iowa,1992,4375,4179,1.7035775128
Iowa,1993,4606,4350,4.0918880115
Iowa,1994,4870,4402,1.1954022989
Iowa,1995,4873,4514,2.5442980463
Iowa,1996,4697,4498,-0.3544528135
Iowa,1997,4705,4625,2.8234771009
Iowa,1998,4867,4721,2.0756756757
Iowa,1999,5493,4875,3.2620207583
Iowa,2000,5162,5213,6.9333333333
Iowa,2001,4535,5426,4.0859389987
Iowa,2002,4841,5533,1.9719867306
Iowa,2003,5502,5551,0.3253208025
Iowa,2004,6322,5524,-0.4863988471
Iowa,2005,6199,5511,-0.2353367125
Iowa,2006,6418,5705,3.5202322627
Iowa,2007,7035,5709,0.0701139351
Iowa,2008,5635,5853,2.5223331582
Iowa,2009,4661,6459,10.3536647873
Iowa,2010,7305,6596,2.1210713733
Iowa,2011,7991,6639,0.6519102486
Iowa,2012,6855,6637,-0.0301250188
Kansas,1978,2873,2637,-6.1565836299
Kansas,1979,2934,2711,2.8062191885
Kansas,1980,2845,2651,-2.2132054592
Kansas,1981,2876,2772,4.5643153527
Kansas,1982,2686,2610,-5.8441558442
Kansas,1983,2853,2733,4.7126436782
Kansas,1984,3066,2711,-0.8049762166
Kansas,1985,3264,2855,5.3116931022
Kansas,1986,3400,3033,6.234676007
Kansas,1987,3398,2999,-1.1210023079
Kansas,1988,3461,3007,0.2667555852
Kansas,1989,3466,3149,4.7223145993
Kansas,1990,3655,3331,5.7796125754
Kansas,1991,3541,3458,3.8126688682
Kansas,1992,3733,3544,2.4869866975
Kansas,1993,4199,3569,0.7054176072
Kansas,1994,4487,3995,11.9361165593
Kansas,1995,4271,4122,3.1789737171
Kansas,1996,4401,4072,-1.2130033964
Kansas,1997,4315,4041,-0.7612966601
Kansas,1998,4470,4066,0.6186587478
Kansas,1999,4470,4307,5.9272011805
Kansas,2000,5145,4516,4.8525655909
Kansas,2001,4180,4892,8.3259521701
Kansas,2002,4559,4981,1.8192968111
Kansas,2003,4767,5020,0.7829753062
Kansas,2004,4924,5051,0.6175298805
Kansas,2005,5362,5038,-0.2573747773
Kansas,2006,5585,5146,2.1437078206
Kansas,2007,6207,5499,6.8596968519
Kansas,2008,5142,5684,3.3642480451
Kansas,2009,4403,5981,5.2251935257
Kansas,2010,6091,6108,2.1233907373
Kansas,2011,6610,5935,-2.8323510151
Kansas,2012,5595,5804,-2.2072451559
Kentucky,1978,3271,3160,4.6704206691
Kentucky,1979,3334,3368,6.582278481
Kentucky,1980,3170,3474,3.1472684086
Kentucky,1981,3178,3318,-4.4905008636
Kentucky,1982,3156,3052,-8.0168776371
Kentucky,1983,3347,3223,5.6028833552
Kentucky,1984,3257,3204,-0.5895128762
Kentucky,1985,3568,3146,-1.8102372035
Kentucky,1986,3851,3323,5.6261919898
Kentucky,1987,3801,3475,4.5741799579
Kentucky,1988,3887,3622,4.2302158273
Kentucky,1989,4060,3726,2.8713418001
Kentucky,1990,4116,3696,-0.8051529791
Kentucky,1991,4506,4097,10.8495670996
Kentucky,1992,4624,4413,7.712960703
Kentucky,1993,4724,4394,-0.4305461138
Kentucky,1994,4721,4243,-3.4365043241
Kentucky,1995,4978,4416,4.0773037945
Kentucky,1996,5148,4421,0.1132246377
Kentucky,1997,5440,4686,5.9941189776
Kentucky,1998,5651,4786,2.1340162185
Kentucky,1999,5780,5068,5.8921855412
Kentucky,2000,6405,5164,1.8942383583
Kentucky,2001,5912,5523,6.951975213
Kentucky,2002,5015,5749,4.0919789969
Kentucky,2003,5570,5794,0.7827448252
Kentucky,2004,5950,5899,1.8122195375
Kentucky,2005,5979,5743,-2.6445160197
Kentucky,2006,6297,6059,5.5023506878
Kentucky,2007,6614,6175,1.9145073444
Kentucky,2008,5127,6379,3.3036437247
Kentucky,2009,4679,6657,4.3580498511
Kentucky,2010,6546,7047,5.8584948175
Kentucky,2011,7258,6865,-2.5826592876
Kentucky,2012,5864,6701,-2.3889293518
Louisiana,1978,3558,3387,-1.5693112467
Louisiana,1979,3473,3150,-6.9973427812
Louisiana,1980,3571,3224,2.3492063492
Louisiana,1981,3476,3435,6.5446650124
Louisiana,1982,3533,3533,2.8529839884
Louisiana,1983,3643,3897,10.3028587603
Louisiana,1984,3616,3848,-1.2573774698
Louisiana,1985,3948,3670,-4.6257796258
Louisiana,1986,3974,3906,6.4305177112
Louisiana,1987,4316,3936,0.7680491551
Louisiana,1988,3550,3734,-5.1321138211
Louisiana,1989,4161,3802,1.8211033744
Louisiana,1990,4240,3920,3.1036296686
Louisiana,1991,4266,4176,6.5306122449
Louisiana,1992,4387,4479,7.2557471264
Louisiana,1993,4914,4746,5.9611520429
Louisiana,1994,4819,4610,-2.8655710072
Louisiana,1995,4802,4975,7.9175704989
Louisiana,1996,4756,4667,-6.1909547739
Louisiana,1997,5179,4622,-0.9642168417
Louisiana,1998,5585,4732,2.3799221116
Louisiana,1999,5495,4852,2.5359256128
Louisiana,2000,5602,4936,1.7312448475
Louisiana,2001,5157,4751,-3.7479740681
Louisiana,2002,5135,5106,7.4721111345
Louisiana,2003,5365,5156,0.9792401097
Louisiana,2004,6261,5469,6.0705973623
Louisiana,2005,6384,5500,0.5668312306
Louisiana,2006,7350,6411,16.5636363636
Louisiana,2007,8589,7239,12.915301825
Louisiana,2008,7494,8161,12.736565824
Louisiana,2009,5707,7959,-2.4751868644
Louisiana,2010,7456,7787,-2.161075512
Louisiana,2011,7580,7451,-4.3148837807
Louisiana,2012,5852,6885,-7.5962957992
Maine,1978,3666,3530,4.9346016647
Maine,1979,3468,3325,-5.8073654391
Maine,1980,3386,3278,-1.4135338346
Maine,1981,3353,3166,-3.4167175107
Maine,1982,3290,3196,0.947567909
Maine,1983,3393,3365,5.2878598248
Maine,1984,3582,3395,0.8915304606
Maine,1985,3921,3574,5.2724594993
Maine,1986,4277,3861,8.0302182429
Maine,1987,4559,3902,1.0619010619
Maine,1988,4689,4031,3.3059969247
Maine,1989,4802,4305,6.7973207641
Maine,1990,4657,4342,0.8594657375
Maine,1991,4391,4789,10.2947950253
Maine,1992,4969,4917,2.6727918146
Maine,1993,5021,4973,1.1389058369
Maine,1994,5109,4864,-2.1918359139
Maine,1995,5098,5063,4.0912828947
Maine,1996,4999,4967,-1.8961090263
Maine,1997,5945,5063,1.9327561909
Maine,1998,6365,5153,1.7776022121
Maine,1999,6405,5292,2.6974577916
Maine,2000,6571,5688,7.4829931973
Maine,2001,5251,5786,1.7229254571
Maine,2002,5368,6170,6.6367092983
Maine,2003,6496,6405,3.8087520259
Maine,2004,7816,6759,5.5269320843
Maine,2005,7538,6659,-1.4795088031
Maine,2006,7433,6758,1.4867097162
Maine,2007,7809,6619,-2.0568215448
Maine,2008,6006,6549,-1.0575615652
Maine,2009,5002,7063,7.8485264926
Maine,2010,7370,7158,1.3450375195
Maine,2011,8157,6994,-2.2911427773
Maine,2012,6336,6871,-1.7586502717
Maryland,1978,3794,3451,-2.5141242938
Maryland,1979,3727,3503,1.5068096204
Maryland,1980,3667,3582,2.2552098202
Maryland,1981,3491,3430,-4.2434394193
Maryland,1982,3489,3478,1.3994169096
Maryland,1983,3526,3634,4.4853364002
Maryland,1984,3693,3434,-5.5035773253
Maryland,1985,3962,3561,3.6983110076
Maryland,1986,4267,3797,6.6273518675
Maryland,1987,4286,3858,1.6065314722
Maryland,1988,4976,3934,1.9699326076
Maryland,1989,4505,3962,0.7117437722
Maryland,1990,4504,4135,4.366481575
Maryland,1991,4321,4355,5.3204353083
Maryland,1992,4564,4322,-0.757749713
Maryland,1993,4743,4326,0.0925497455
Maryland,1994,4806,4380,1.2482662968
Maryland,1995,4882,4478,2.2374429224
Maryland,1996,4592,4452,-0.5806163466
Maryland,1997,5591,4493,0.9209344115
Maryland,1998,5564,4487,-0.1335410639
Maryland,1999,5144,4614,2.8303989302
Maryland,2000,5364,4863,5.3966189857
Maryland,2001,5051,5182,6.559736788
Maryland,2002,4877,5470,5.5576997298
Maryland,2003,4949,5583,2.0658135283
Maryland,2004,6253,5522,-1.0926025434
Maryland,2005,6022,5626,1.8833755886
Maryland,2006,6259,5862,4.1948098116
Maryland,2007,6888,6208,5.9024223814
Maryland,2008,5337,6383,2.818943299
Maryland,2009,4492,6728,5.4049819834
Maryland,2010,6808,6820,1.3674197384
Maryland,2011,7291,6578,-3.5483870968
Maryland,2012,6135,6991,6.2785041046
Massachusetts,1978,3838,3614,-0.741554518
Massachusetts,1979,3756,3510,-2.8776978417
Massachusetts,1980,3616,3557,1.339031339
Massachusetts,1981,3361,3497,-1.6868147315
Massachusetts,1982,3608,3558,1.744352302
Massachusetts,1983,3730,3709,4.2439572794
Massachusetts,1984,3879,3683,-0.7009975735
Massachusetts,1985,4167,4001,8.6342655444
Massachusetts,1986,4667,4418,10.4223944014
Massachusetts,1987,4728,4773,8.0353100951
Massachusetts,1988,4778,4987,4.4835533208
Massachusetts,1989,4939,5331,6.89793463
Massachusetts,1990,5025,5465,2.5135996999
Massachusetts,1991,5247,5700,4.3000914913
Massachusetts,1992,5553,5529,-3
Massachusetts,1993,5659,5651,2.2065472961
Massachusetts,1994,5665,5706,0.9732790657
Massachusetts,1995,5912,5957,4.3988783736
Massachusetts,1996,5966,5908,-0.8225616921
Massachusetts,1997,6097,5926,0.3046716317
Massachusetts,1998,6341,6107,3.0543368208
Massachusetts,1999,6134,6115,0.1309972163
Massachusetts,2000,6709,6179,1.0466067048
Massachusetts,2001,5938,6573,6.3764363166
Massachusetts,2002,5347,6533,-0.6085501293
Massachusetts,2003,5901,6355,-2.7246288076
Massachusetts,2004,7918,7010,10.3068450039
Massachusetts,2005,7721,6908,-1.455064194
Massachusetts,2006,8075,6950,0.6079907354
Massachusetts,2007,8604,7738,11.3381294964
Massachusetts,2008,7208,7551,-2.4166451279
Massachusetts,2009,5511,7886,4.436498477
Massachusetts,2010,8080,8310,5.3766167892
Massachusetts,2011,8981,8533,2.6835138387
Massachusetts,2012,7374,8499,-0.3984530646
Michigan,1978,4020,3632,-3.2240873967
Michigan,1979,3915,3593,-1.0737885463
Michigan,1980,3720,3803,5.8446980239
Michigan,1981,4124,3646,-4.1283197476
Michigan,1982,3811,3653,0.1919912233
Michigan,1983,4101,3768,3.1480974541
Michigan,1984,4169,3666,-2.7070063694
Michigan,1985,4166,3675,0.2454991817
Michigan,1986,4706,4031,9.6870748299
Michigan,1987,4720,4134,2.5551972215
Michigan,1988,4537,4290,3.7735849057
Michigan,1989,4544,4178,-2.6107226107
Michigan,1990,4417,4358,4.3082814744
Michigan,1991,4394,4310,-1.1014226709
Michigan,1992,4540,4407,2.2505800464
Michigan,1993,4738,4505,2.2237349671
Michigan,1994,4963,4730,4.9944506104
Michigan,1995,5591,5422,14.6300211416
Michigan,1996,5641,5260,-2.98782737
Michigan,1997,6637,5263,0.0570342205
Michigan,1998,5690,5350,1.6530495915
Michigan,1999,6506,5402,0.9719626168
Michigan,2000,6633,5727,6.0162902629
Michigan,2001,5625,6054,5.7097957046
Michigan,2002,5598,6247,3.1879748926
Michigan,2003,6223,6340,1.488714583
Michigan,2004,6715,6345,0.0788643533
Michigan,2005,6489,6031,-4.9487785658
Michigan,2006,6515,6035,0.0663239927
Michigan,2007,6856,6043,0.1325600663
Michigan,2008,4589,6074,0.5129902366
Michigan,2009,5738,6377,4.9884754692
Michigan,2010,7095,6814,6.8527520778
Michigan,2011,6690,6523,-4.2706193132
Michigan,2012,6475,6246,-4.2465123409
Minnesota,1978,4220,3934,-0.6063668519
Minnesota,1979,4163,3742,-4.8805287239
Minnesota,1980,3888,3695,-1.2560128274
Minnesota,1981,4134,3717,0.5953991881
Minnesota,1982,4065,3988,7.2908259349
Minnesota,1983,4494,3616,-9.3279839519
Minnesota,1984,4691,4006,10.7853982301
Minnesota,1985,4782,4141,3.3699450824
Minnesota,1986,4752,4275,3.2359333494
Minnesota,1987,5079,4393,2.7602339181
Minnesota,1988,5196,4358,-0.7967220578
Minnesota,1989,5289,4518,3.6714089032
Minnesota,1990,5297,4544,0.5754758743
Minnesota,1991,5201,4832,6.338028169
Minnesota,1992,5493,4924,1.9039735099
Minnesota,1993,5665,4985,1.2388302193
Minnesota,1994,5774,5134,2.9889669007
Minnesota,1995,5912,5292,3.0775223997
Minnesota,1996,6373,5379,1.6439909297
Minnesota,1997,6872,5539,2.9745305819
Minnesota,1998,7172,5390,-2.6900162484
Minnesota,1999,7095,5765,6.9573283859
Minnesota,2000,7266,6304,9.3495229835
Minnesota,2001,6800,6404,1.5862944162
Minnesota,2002,5706,6787,5.9806371018
Minnesota,2003,6320,7135,5.1274495359
Minnesota,2004,7097,6743,-5.4940434478
Minnesota,2005,7285,6788,0.6673587424
Minnesota,2006,7655,6774,-0.206246317
Minnesota,2007,8237,6779,0.0738116327
Minnesota,2008,6038,6968,2.7880218321
Minnesota,2009,4616,7358,5.5970149254
Minnesota,2010,7913,7516,2.147322642
Minnesota,2011,8721,7347,-2.2485364556
Minnesota,2012,7167,7178,-2.300258609
Mississippi,1978,3315,2915,-1.5202702703
Mississippi,1979,3276,2985,2.4013722127
Mississippi,1980,3183,2969,-0.5360134003
Mississippi,1981,3037,2969,0
Mississippi,1982,3039,2828,-4.7490737622
Mississippi,1983,3004,2812,-0.5657708628
Mississippi,1984,3121,2872,2.13371266
Mississippi,1985,3234,2936,2.2284122563
Mississippi,1986,3581,3098,5.5177111717
Mississippi,1987,3446,3089,-0.2905100065
Mississippi,1988,3468,3118,0.9388151505
Mississippi,1989,3611,3257,4.4579858884
Mississippi,1990,3686,3295,1.1667178385
Mississippi,1991,3759,3354,1.7905918058
Mississippi,1992,3853,3594,7.1556350626
Mississippi,1993,4311,3731,3.8119087368
Mississippi,1994,4434,3896,4.4224068614
Mississippi,1995,4593,4102,5.2874743326
Mississippi,1996,4720,4375,6.6552901024
Mississippi,1997,4842,4639,6.0342857143
Mississippi,1998,5327,4688,1.0562621255
Mississippi,1999,5214,4837,3.1783276451
Mississippi,2000,5702,5136,6.1815174695
Mississippi,2001,5313,5329,3.757788162
Mississippi,2002,4934,5689,6.7554888347
Mississippi,2003,5826,5874,3.2518896115
Mississippi,2004,6458,6001,2.1620701396
Mississippi,2005,6278,5949,-0.8665222463
Mississippi,2006,6956,6388,7.3793914944
Mississippi,2007,8504,7045,10.2849092048
Mississippi,2008,5880,6744,-4.2725337119
Mississippi,2009,5206,6961,3.2176749703
Mississippi,2010,7437,7098,1.9681080305
Mississippi,2011,8035,6909,-2.6627218935
Mississippi,2012,6283,6714,-2.822405558
Missouri,1978,2459,2175,-0.3208065995
Missouri,1979,2472,2159,-0.7356321839
Missouri,1980,2410,2262,4.7707271885
Missouri,1981,2271,2265,0.1326259947
Missouri,1982,2290,2128,-6.0485651214
Missouri,1983,2480,2229,4.7462406015
Missouri,1984,2649,2337,4.8452220727
Missouri,1985,2851,2482,6.2045357296
Missouri,1986,3124,2701,8.8235294118
Missouri,1987,3102,2836,4.9981488338
Missouri,1988,3112,2863,0.952045134
Missouri,1989,3162,2811,-1.8162766329
Missouri,1990,3200,2852,1.4585556741
Missouri,1991,3261,3017,5.7854137447
Missouri,1992,3645,3277,8.6178322837
Missouri,1993,3786,3284,0.2136100092
Missouri,1994,3866,3357,2.2228989038
Missouri,1995,4366,3496,4.1406017277
Missouri,1996,4594,3487,-0.2574370709
Missouri,1997,4332,3714,6.5098938916
Missouri,1998,4852,3906,5.169628433
Missouri,1999,4833,4094,4.8131080389
Missouri,2000,4829,4112,0.4396678065
Missouri,2001,4627,4341,5.5690661479
Missouri,2002,4292,4687,7.9705137065
Missouri,2003,4813,4713,0.5547258374
Missouri,2004,5548,4660,-1.1245491195
Missouri,2005,5445,4700,0.8583690987
Missouri,2006,5606,4743,0.914893617
Missouri,2007,6156,4738,-0.1054185115
Missouri,2008,4552,4836,2.0683832841
Missouri,2009,3226,5137,6.2241521919
Missouri,2010,5955,5405,5.2170527545
Missouri,2011,6558,5205,-3.7002775208
Missouri,2012,5157,5206,0.0192122959
Montana,1978,4144,3900,1.3513513514
Montana,1979,4032,3613,-7.358974359
Montana,1980,4074,3550,-1.7437032937
Montana,1981,4031,3482,-1.9154929577
Montana,1982,3939,3358,-3.5611717404
Montana,1983,3964,3577,6.5217391304
Montana,1984,4139,3729,4.2493709813
Montana,1985,4511,4041,8.3668543846
Montana,1986,4514,4229,4.6523137837
Montana,1987,4570,4261,0.7566800662
Montana,1988,4914,4111,-3.520300399
Montana,1989,4832,4352,5.8623206033
Montana,1990,4984,4406,1.2408088235
Montana,1991,4911,4964,12.6645483432
Montana,1992,5441,4875,-1.7929089444
Montana,1993,5685,5009,2.7487179487
Montana,1994,5695,4996,-0.2595328409
Montana,1995,5659,5135,2.7822257806
Montana,1996,5664,5178,0.8373904576
Montana,1997,5665,5150,-0.5407493241
Montana,1998,5723,5149,-0.0194174757
Montana,1999,5720,5393,4.7387842299
Montana,2000,6202,5485,1.7059150751
Montana,2001,6038,5786,5.4876937101
Montana,2002,5646,5971,3.1973729692
Montana,2003,6252,6020,0.8206330598
Montana,2004,6991,6131,1.8438538206
Montana,2005,7117,6014,-1.9083346925
Montana,2006,7328,6210,3.2590621882
Montana,2007,8182,6374,2.6409017713
Montana,2008,6993,6703,5.1615939755
Montana,2009,5251,6818,1.7156497091
Montana,2010,7948,7497,9.9589322382
Montana,2011,8119,7270,-3.0278778178
Montana,2012,7611,7024,-3.3837689133
Nebraska,1978,2779,2583,1.6929133858
Nebraska,1979,2696,2526,-2.2067363531
Nebraska,1980,2669,2467,-2.3357086302
Nebraska,1981,2532,2494,1.0944466964
Nebraska,1982,2494,2476,-0.7217321572
Nebraska,1983,2737,2629,6.1793214863
Nebraska,1984,2847,2620,-0.3423354888
Nebraska,1985,2886,2877,9.8091603053
Nebraska,1986,3106,2934,1.9812304484
Nebraska,1987,3193,2945,0.3749147921
Nebraska,1988,3240,2899,-1.5619694397
Nebraska,1989,3367,3008,3.7599172128
Nebraska,1990,3414,3204,6.5159574468
Nebraska,1991,3629,3450,7.6779026217
Nebraska,1992,3810,3679,6.6376811594
Nebraska,1993,3802,3737,1.5765153574
Nebraska,1994,4132,3772,0.9365801445
Nebraska,1995,4196,3864,2.4390243902
Nebraska,1996,4370,3925,1.5786749482
Nebraska,1997,4697,4073,3.7707006369
Nebraska,1998,4681,3948,-3.0689909158
Nebraska,1999,4507,4190,6.1296859169
Nebraska,2000,4812,4491,7.1837708831
Nebraska,2001,4481,4607,2.5829436651
Nebraska,2002,4432,4827,4.7753418711
Nebraska,2003,5228,4897,1.4501760928
Nebraska,2004,5801,4846,-1.0414539514
Nebraska,2005,5833,4832,-0.2888980603
Nebraska,2006,5853,4952,2.4834437086
Nebraska,2007,6080,4864,-1.7770597738
Nebraska,2008,4977,5022,3.2483552632
Nebraska,2009,4279,5379,7.1087216249
Nebraska,2010,5849,5455,1.4129020264
Nebraska,2011,6407,5186,-4.9312557287
Nebraska,2012,5290,5134,-1.0026995758
Nevada,1978,4462,3790,7.2135785007
Nevada,1979,4379,3561,-6.0422163588
Nevada,1980,4197,3775,6.0095478798
Nevada,1981,3946,3665,-2.9139072848
Nevada,1982,4188,3814,4.0654843111
Nevada,1983,4335,4012,5.1914001049
Nevada,1984,4220,3548,-11.5653040877
Nevada,1985,4283,3686,3.8895152198
Nevada,1986,5108,4094,11.0689093869
Nevada,1987,4887,3975,-2.9066927211
Nevada,1988,4556,4139,4.1257861635
Nevada,1989,4559,4122,-0.4107272288
Nevada,1990,4703,4214,2.2319262494
Nevada,1991,4620,4468,6.02752729
Nevada,1992,4789,4633,3.6929274843
Nevada,1993,5037,4561,-1.554068638
Nevada,1994,4925,4343,-4.7796535847
Nevada,1995,5218,4364,0.4835367258
Nevada,1996,5272,4243,-2.7726856095
Nevada,1997,5275,4160,-1.9561630922
Nevada,1998,5564,4103,-1.3701923077
Nevada,1999,5394,4347,5.9468681453
Nevada,2000,4812,3994,-8.1205429032
Nevada,2001,4105,4168,4.3565348022
Nevada,2002,4044,4351,4.3905950096
Nevada,2003,4634,4337,-0.3217651115
Nevada,2004,5282,4442,2.4210283606
Nevada,2005,5576,4427,-0.3376857271
Nevada,2006,5572,4643,4.8791506664
Nevada,2007,6038,4579,-1.3784191256
Nevada,2008,4208,4358,-4.826381306
Nevada,2009,3002,4806,10.2799449289
Nevada,2010,5474,5038,4.8272992093
Nevada,2011,6608,4958,-1.5879317189
Nevada,2012,5198,4893,-1.311012505
New Hampshire,1978,2926,2790,-5.1987767584
New Hampshire,1979,2912,2720,-2.5089605735
New Hampshire,1980,2695,2681,-1.4338235294
New Hampshire,1981,2546,2567,-4.2521447221
New Hampshire,1982,2640,2523,-1.7140631087
New Hampshire,1983,2808,2668,5.7471264368
New Hampshire,1984,2886,2552,-4.347826087
New Hampshire,1985,2959,2557,0.1959247649
New Hampshire,1986,3163,2755,7.7434493547
New Hampshire,1987,3259,2844,3.2304900181
New Hampshire,1988,3175,2886,1.4767932489
New Hampshire,1989,3085,3103,7.5190575191
New Hampshire,1990,3076,3114,0.3544956494
New Hampshire,1991,3172,3243,4.1425818882
New Hampshire,1992,4182,4203,29.6022201665
New Hampshire,1993,4043,4077,-2.9978586724
New Hampshire,1994,4178,4310,5.7149865097
New Hampshire,1995,4255,4029,-6.5197215777
New Hampshire,1996,4436,4036,0.1737403822
New Hampshire,1997,4282,3997,-0.9663032706
New Hampshire,1998,4684,4061,1.6012009007
New Hampshire,1999,4538,4053,-0.1969958138
New Hampshire,2000,5369,4695,15.8401184308
New Hampshire,2001,4724,4555,-2.9818956337
New Hampshire,2002,4662,4850,6.4763995609
New Hampshire,2003,5076,5144,6.0618556701
New Hampshire,2004,5414,5218,1.4385692068
New Hampshire,2005,5556,5234,0.3066308931
New Hampshire,2006,5547,5212,-0.4203286206
New Hampshire,2007,6069,5253,0.7866462011
New Hampshire,2008,5121,5350,1.8465638683
New Hampshire,2009,4586,5656,5.7196261682
New Hampshire,2010,6378,6162,8.946251768
New Hampshire,2011,6548,5915,-4.0084388186
New Hampshire,2012,5412,5617,-5.0380388842
New Jersey,1978,3560,3321,-5.7337496452
New Jersey,1979,3380,3310,-0.3312255345
New Jersey,1980,3332,3225,-2.5679758308
New Jersey,1981,3502,3505,8.6821705426
New Jersey,1982,3615,3570,1.8544935806
New Jersey,1983,3891,3631,1.7086834734
New Jersey,1984,4316,3715,2.3134122831
New Jersey,1985,4486,3971,6.8909825034
New Jersey,1986,4825,4409,11.0299672627
New Jersey,1987,5149,4525,2.6309820821
New Jersey,1988,5274,4769,5.3922651934
New Jersey,1989,5241,4988,4.592157685
New Jersey,1990,5150,4944,-0.882117081
New Jersey,1991,5337,5015,1.4360841424
New Jersey,1992,6006,6088,21.3958125623
New Jersey,1993,5919,5781,-5.0427069645
New Jersey,1994,5762,5723,-1.0032866286
New Jersey,1995,6090,6077,6.1855670103
New Jersey,1996,6438,5802,-4.5252591739
New Jersey,1997,6278,5123,-11.7028610824
New Jersey,1998,6290,5388,5.1727503416
New Jersey,1999,6454,5285,-1.9116555308
New Jersey,2000,6696,5501,4.087038789
New Jersey,2001,6532,5749,4.5082712234
New Jersey,2002,4881,6265,8.9754739955
New Jersey,2003,6684,6520,4.0702314445
New Jersey,2004,7185,6894,5.736196319
New Jersey,2005,7155,6925,0.4496663766
New Jersey,2006,7572,7350,6.1371841155
New Jersey,2007,8410,7086,-3.5918367347
New Jersey,2008,6741,7166,1.1289867344
New Jersey,2009,5249,7583,5.8191459671
New Jersey,2010,7958,8107,6.9101938547
New Jersey,2011,8178,7760,-4.2802516344
New Jersey,2012,6493,7682,-1.0051546392
New Mexico,1978,4610,3739,6.3424345848
New Mexico,1979,4562,3898,4.2524739235
New Mexico,1980,4646,3712,-4.7716777835
New Mexico,1981,5092,3864,4.0948275862
New Mexico,1982,5269,4172,7.9710144928
New Mexico,1983,5526,4451,6.6874400767
New Mexico,1984,5206,4419,-0.7189395641
New Mexico,1985,5378,4511,2.0819189862
New Mexico,1986,5621,4726,4.7661272445
New Mexico,1987,5289,4520,-4.3588658485
New Mexico,1988,5387,4563,0.9513274336
New Mexico,1989,5661,4878,6.9033530572
New Mexico,1990,5527,4817,-1.2505125051
New Mexico,1991,5325,4906,1.8476230019
New Mexico,1992,5726,5317,8.3774969425
New Mexico,1993,5838,5437,2.2569117924
New Mexico,1994,5913,5521,1.5449696524
New Mexico,1995,5816,5572,0.9237456982
New Mexico,1996,6800,5635,1.1306532663
New Mexico,1997,6633,5689,0.958296362
New Mexico,1998,7114,5921,4.0780453507
New Mexico,1999,6674,6166,4.1378145584
New Mexico,2000,7739,6370,3.3084657801
New Mexico,2001,6440,6493,1.9309262166
New Mexico,2002,6016,6937,6.8381333744
New Mexico,2003,6545,7093,2.2488107251
New Mexico,2004,7562,7172,1.1137741435
New Mexico,2005,8119,7583,5.7306190742
New Mexico,2006,8559,7686,1.3583014638
New Mexico,2007,9589,8408,9.3937028363
New Mexico,2008,6607,8540,1.5699333968
New Mexico,2009,5186,9131,6.9203747073
New Mexico,2010,8899,9176,0.4928266345
New Mexico,2011,9700,8776,-4.3591979076
New Mexico,2012,7293,8168,-6.9279854148
New York,1978,4655,4252,-5.7206208426
New York,1979,4516,4072,-4.2333019755
New York,1980,4314,3962,-2.7013752456
New York,1981,4314,3994,0.8076728925
New York,1982,4517,4079,2.1281922884
New York,1983,4672,4160,1.9857808286
New York,1984,5281,4473,7.5240384615
New York,1985,5608,4810,7.5340934496
New York,1986,5980,5067,5.343035343
New York,1987,6285,5373,6.0390763766
New York,1988,6196,5455,1.5261492648
New York,1989,6248,5567,2.0531622365
New York,1990,6274,5765,3.5566732531
New York,1991,6113,5983,3.7814397225
New York,1992,6720,6561,9.6607053318
New York,1993,6763,6423,-2.1033379058
New York,1994,6938,6451,0.4359333645
New York,1995,7401,6618,2.5887459309
New York,1996,7422,6488,-1.9643396797
New York,1997,7318,6445,-0.6627620222
New York,1998,7593,6559,1.7688130334
New York,1999,7462,6757,3.0187528587
New York,2000,7816,6801,0.6511765576
New York,2001,7639,7242,6.4843405382
New York,2002,6971,7949,9.7624965479
New York,2003,7696,8295,4.3527487734
New York,2004,8785,8425,1.5672091621
New York,2005,8864,8345,-0.9495548961
New York,2006,9924,8518,2.0730976633
New York,2007,10253,8767,2.9232214135
New York,2008,8075,8670,-1.1064218091
New York,2009,5106,9151,5.5478662053
New York,2010,10624,9485,3.6498743307
New York,2011,10757,9630,1.528729573
New York,2012,9175,9258,-3.8629283489
North Carolina,1978,2978,2866,-1.3085399449
North Carolina,1979,3018,2861,-0.1744591766
North Carolina,1980,2929,2708,-5.3477804963
North Carolina,1981,2850,2786,2.8803545052
North Carolina,1982,2818,2708,-2.79971285
North Carolina,1983,2906,2743,1.2924667651
North Carolina,1984,3131,2720,-0.8384979949
North Carolina,1985,3371,2897,6.5073529412
North Carolina,1986,3579,3105,7.1798412151
North Carolina,1987,3760,3198,2.9951690821
North Carolina,1988,3811,3305,3.3458411507
North Carolina,1989,3816,3487,5.5068078669
North Carolina,1990,3855,3557,2.0074562661
North Carolina,1991,3793,3736,5.0323306157
North Carolina,1992,4191,3807,1.9004282655
North Carolina,1993,4371,3816,0.2364066194
North Carolina,1994,4537,4015,5.214884696
North Carolina,1995,4607,4192,4.4084682441
North Carolina,1996,4563,4140,-1.2404580153
North Carolina,1997,4769,4272,3.1884057971
North Carolina,1998,6011,4438,3.8857677903
North Carolina,1999,5905,4651,4.7994592159
North Carolina,2000,5669,4886,5.0526768437
North Carolina,2001,5085,4994,2.2103970528
North Carolina,2002,4832,5077,1.6619943933
North Carolina,2003,4451,5091,0.2757533977
North Carolina,2004,6305,5271,3.5356511491
North Carolina,2005,6062,5372,1.916144944
North Carolina,2006,5808,5174,-3.6857781087
North Carolina,2007,6186,5228,1.0436799382
North Carolina,2008,5772,5262,0.6503442999
North Carolina,2009,3415,5503,4.5800076017
North Carolina,2010,6329,5748,4.4521170271
North Carolina,2011,6683,5614,-2.3312456507
North Carolina,2012,5793,5501,-2.0128250802
North Dakota,1978,4173,3784,-4.4685685433
North Dakota,1979,3991,3769,-0.3964059197
North Dakota,1980,4315,3874,2.7858848501
North Dakota,1981,4613,3881,0.1806917914
North Dakota,1982,4573,4236,9.1471270291
North Dakota,1983,4530,4435,4.6978281398
North Dakota,1984,5042,4676,5.4340473506
North Dakota,1985,5205,4857,3.870829769
North Dakota,1986,4896,4809,-0.9882643607
North Dakota,1987,4724,4846,0.7693907257
North Dakota,1988,4875,4729,-2.4143623607
North Dakota,1989,5033,4940,4.461831254
North Dakota,1990,5011,4834,-2.1457489879
North Dakota,1991,5214,4754,-1.6549441456
North Dakota,1992,5154,5130,7.9091291544
North Dakota,1993,5569,5253,2.3976608187
North Dakota,1994,5500,5006,-4.7020750048
North Dakota,1995,5694,5146,2.7966440272
North Dakota,1996,5779,4643,-9.7745821998
North Dakota,1997,6204,5341,15.0333835882
North Dakota,1998,6805,5497,2.9208013481
North Dakota,1999,6279,5721,4.0749499727
North Dakota,2000,6844,5930,3.6532074812
North Dakota,2001,6843,5879,-0.8600337268
North Dakota,2002,6033,6040,2.7385609798
North Dakota,2003,6561,6097,0.9437086093
North Dakota,2004,9867,6136,0.6396588486
North Dakota,2005,7055,6352,3.520208605
North Dakota,2006,7663,6372,0.314861461
North Dakota,2007,8119,6407,0.5492780917
North Dakota,2008,7981,6691,4.4326517871
North Dakota,2009,7037,7221,7.9210880287
North Dakota,2010,9553,8016,11.0095554632
North Dakota,2011,11633,8220,2.5449101796
North Dakota,2012,13184,9005,9.5498783455
Ohio,1978,3293,2896,0.8005569092
Ohio,1979,3349,2859,-1.2776243094
Ohio,1980,3142,2940,2.833158447
Ohio,1981,3334,3107,5.6802721088
Ohio,1982,3386,3003,-3.3472803347
Ohio,1983,3796,3360,11.8881118881
Ohio,1984,3845,3364,0.119047619
Ohio,1985,4222,3492,3.8049940547
Ohio,1986,4494,3711,6.2714776632
Ohio,1987,4630,3898,5.0390730261
Ohio,1988,4608,3845,-1.3596716265
Ohio,1989,4697,3928,2.1586475943
Ohio,1990,4652,4081,3.8951120163
Ohio,1991,4885,4280,4.8762558197
Ohio,1992,5002,4514,5.4672897196
Ohio,1993,5488,4532,0.3987594152
Ohio,1994,5673,4643,2.4492497793
Ohio,1995,5718,4676,0.7107473616
Ohio,1996,5689,4623,-1.1334473909
Ohio,1997,5740,4745,2.638979018
Ohio,1998,5994,4882,2.8872497366
Ohio,1999,6234,4998,2.3760753789
Ohio,2000,6485,5237,4.7819127651
Ohio,2001,6011,5451,4.0863089555
Ohio,2002,4899,5982,9.7413318657
Ohio,2003,5446,6154,2.8752925443
Ohio,2004,8101,6228,1.2024699383
Ohio,2005,7405,6210,-0.289017341
Ohio,2006,7557,6462,4.0579710145
Ohio,2007,8410,6402,-0.9285051068
Ohio,2008,6071,6278,-1.9368947204
Ohio,2009,2426,6671,6.2599553998
Ohio,2010,8087,6994,4.8418527957
Ohio,2011,8576,6939,-0.7863883329
Ohio,2012,6273,6624,-4.5395590143
Oklahoma,1978,3174,2799,-0.9904492395
Oklahoma,1979,3158,2910,3.9657020364
Oklahoma,1980,3146,2977,2.3024054983
Oklahoma,1981,3339,3092,3.8629492778
Oklahoma,1982,3482,3089,-0.0970245796
Oklahoma,1983,3366,3343,8.2227258012
Oklahoma,1984,3406,3167,-5.2647322764
Oklahoma,1985,3700,3312,4.5784654247
Oklahoma,1986,3803,3625,9.4504830918
Oklahoma,1987,3618,3469,-4.3034482759
Oklahoma,1988,3937,3543,2.1331795907
Oklahoma,1989,4121,3651,3.0482641829
Oklahoma,1990,4030,3634,-0.4656258559
Oklahoma,1991,4151,3858,6.1640066043
Oklahoma,1992,4202,4158,7.7760497667
Oklahoma,1993,4206,4041,-2.8138528139
Oklahoma,1994,4337,4010,-0.7671368473
Oklahoma,1995,4251,4094,2.0947630923
Oklahoma,1996,4648,4059,-0.8549096238
Oklahoma,1997,4804,4068,0.22172949
Oklahoma,1998,5133,4123,1.3520157325
Oklahoma,1999,4785,4272,3.6138733932
Oklahoma,2000,5063,4103,-3.9559925094
Oklahoma,2001,4766,5036,22.7394589325
Oklahoma,2002,4804,5387,6.9698173153
Oklahoma,2003,5311,5385,-0.0371264154
Oklahoma,2004,6090,5158,-4.2154131848
Oklahoma,2005,5921,5205,0.9112058938
Oklahoma,2006,6227,5367,3.1123919308
Oklahoma,2007,6765,5500,2.4781069499
Oklahoma,2008,5423,5673,3.1454545455
Oklahoma,2009,5019,6151,8.425876961
Oklahoma,2010,6636,6341,3.0889286295
Oklahoma,2011,7083,6073,-4.226462703
Oklahoma,2012,6097,5922,-2.4864152808
Oregon,1978,4283,3639,3.1170303202
Oregon,1979,4292,3565,-2.0335256939
Oregon,1980,4263,3646,2.2720897616
Oregon,1981,4188,3614,-0.8776741635
Oregon,1982,3912,3758,3.9845047039
Oregon,1983,4080,3785,0.7184672698
Oregon,1984,4128,3682,-2.7212681638
Oregon,1985,4261,3842,4.3454644215
Oregon,1986,4312,3845,0.0780843311
Oregon,1987,4790,3846,0.0260078023
Oregon,1988,4436,3720,-3.2761310452
Oregon,1989,4490,3773,1.4247311828
Oregon,1990,5045,3901,3.3925258415
Oregon,1991,4721,4173,6.9725711356
Oregon,1992,5489,4364,4.5770428948
Oregon,1993,5621,4679,7.2181484876
Oregon,1994,5403,4519,-3.4195340885
Oregon,1995,6144,5218,15.4680238991
Oregon,1996,7086,5344,2.4147182829
Oregon,1997,6496,5363,0.3555389222
Oregon,1998,6591,5658,5.5006526198
Oregon,1999,6361,5670,0.2120890774
Oregon,2000,8168,6133,8.1657848325
Oregon,2001,6811,6101,-0.5217674874
Oregon,2002,5382,6549,7.343058515
Oregon,2003,6772,6334,-3.2829439609
Oregon,2004,8339,6329,-0.078939059
Oregon,2005,7354,6252,-1.2166218992
Oregon,2006,7986,6227,-0.3998720409
Oregon,2007,9125,6130,-1.5577324554
Oregon,2008,4908,6335,3.3442088091
Oregon,2009,2122,6851,8.1452249408
Oregon,2010,7927,7403,8.0572179244
Oregon,2011,9181,7211,-2.5935431582
Oregon,2012,6426,6888,-4.4792677853
Pennsylvania,1978,3593,3479,-2.658086178
Pennsylvania,1979,3398,3083,-11.3825812015
Pennsylvania,1980,3288,2968,-3.7301329873
Pennsylvania,1981,3269,3002,1.1455525606
Pennsylvania,1982,3272,3079,2.5649566955
Pennsylvania,1983,3462,3258,5.8135758363
Pennsylvania,1984,3551,3105,-4.6961325967
Pennsylvania,1985,3687,3275,5.4750402576
Pennsylvania,1986,3933,3427,4.641221374
Pennsylvania,1987,4073,3520,2.7137437992
Pennsylvania,1988,3903,3506,-0.3977272727
Pennsylvania,1989,4017,3587,2.3103251569
Pennsylvania,1990,4042,3620,0.9199888486
Pennsylvania,1991,3811,3758,3.8121546961
Pennsylvania,1992,4984,4729,25.8382118148
Pennsylvania,1993,4961,4504,-4.7578769296
Pennsylvania,1994,4871,4572,1.5097690941
Pennsylvania,1995,4995,4865,6.4085739283
Pennsylvania,1996,5125,4634,-4.7482014388
Pennsylvania,1997,5770,4597,-0.7984462667
Pennsylvania,1998,5579,4693,2.0883184686
Pennsylvania,1999,5560,4971,5.923716173
Pennsylvania,2000,5917,5175,4.1038020519
Pennsylvania,2001,4837,5427,4.8695652174
Pennsylvania,2002,4778,5710,5.2146674037
Pennsylvania,2003,4987,5791,1.4185639229
Pennsylvania,2004,6778,5579,-3.6608530478
Pennsylvania,2005,6587,6032,8.1197347195
Pennsylvania,2006,6657,5909,-2.0391246684
Pennsylvania,2007,7325,6157,4.196987646
Pennsylvania,2008,6015,6202,0.7308754263
Pennsylvania,2009,3384,6743,8.722992583
Pennsylvania,2010,6899,7231,7.2371348065
Pennsylvania,2011,7346,7273,0.5808325266
Pennsylvania,2012,6147,6842,-5.926027774
Rhode Island,1978,3998,3925,1.7630282603
Rhode Island,1979,4002,3872,-1.3503184713
Rhode Island,1980,4090,3997,3.2283057851
Rhode Island,1981,4069,3871,-3.1523642732
Rhode Island,1982,4204,4060,4.8824593128
Rhode Island,1983,4422,4116,1.3793103448
Rhode Island,1984,4565,4208,2.2351797862
Rhode Island,1985,4687,4426,5.180608365
Rhode Island,1986,5062,4645,4.9480343425
Rhode Island,1987,5253,4613,-0.6889128095
Rhode Island,1988,5301,4831,4.7257749837
Rhode Island,1989,5476,5077,5.0921134341
Rhode Island,1990,5347,5263,3.6635808548
Rhode Island,1991,5177,5484,4.1991259738
Rhode Island,1992,6115,6747,23.0306345733
Rhode Island,1993,6023,6228,-7.6923076923
Rhode Island,1994,6291,5819,-6.5671162492
Rhode Island,1995,6295,6318,8.5753565905
Rhode Island,1996,6128,5821,-7.866413422
Rhode Island,1997,5953,5583,-4.0886445628
Rhode Island,1998,6062,5415,-3.0091348737
Rhode Island,1999,7256,5799,7.0914127424
Rhode Island,2000,7095,5901,1.7589239524
Rhode Island,2001,6726,6452,9.3374004406
Rhode Island,2002,5856,6904,7.0055796652
Rhode Island,2003,6820,6961,0.825608343
Rhode Island,2004,8259,7209,3.5627065077
Rhode Island,2005,7986,7265,0.7768067693
Rhode Island,2006,8070,7367,1.4039917412
Rhode Island,2007,8795,7406,0.5293878105
Rhode Island,2008,6767,7577,2.3089386984
Rhode Island,2009,4889,7557,-0.2639567111
Rhode Island,2010,8532,8213,8.6806933969
Rhode Island,2011,9097,8038,-2.1307682942
Rhode Island,2012,7566,7927,-1.3809405325
South Carolina,1978,3206,2993,1.1490368368
South Carolina,1979,3247,3083,3.0070163715
South Carolina,1980,3097,2956,-4.1193642556
South Carolina,1981,3137,3140,6.2246278755
South Carolina,1982,3122,3049,-2.898089172
South Carolina,1983,3277,3015,-1.1151197114
South Carolina,1984,3388,2969,-1.5257048093
South Carolina,1985,3763,3394,14.314584035
South Carolina,1986,4007,3535,4.1543901002
South Carolina,1987,4044,3562,0.7637906648
South Carolina,1988,4177,3630,1.9090398652
South Carolina,1989,4319,3727,2.6721763085
South Carolina,1990,4442,3969,6.493158036
South Carolina,1991,4386,4235,6.7019400353
South Carolina,1992,4474,4391,3.6835891381
South Carolina,1993,4614,4506,2.6189933956
South Carolina,1994,4711,4695,4.1944074567
South Carolina,1995,4850,4671,-0.5111821086
South Carolina,1996,4858,4780,2.3335474203
South Carolina,1997,5116,4751,-0.6066945607
South Carolina,1998,5464,4879,2.6941696485
South Carolina,1999,5050,5022,2.9309284689
South Carolina,2000,5290,5380,7.1286340104
South Carolina,2001,5379,5766,7.1747211896
South Carolina,2002,5281,6217,7.8217134929
South Carolina,2003,5914,6326,1.753257198
South Carolina,2004,6297,6220,-1.6756244072
South Carolina,2005,6329,6252,0.5144694534
South Carolina,2006,6199,6123,-2.0633397313
South Carolina,2007,6694,6262,2.2701290217
South Carolina,2008,5377,6496,3.7368252954
South Carolina,2009,4420,6661,2.5400246305
South Carolina,2010,6556,6594,-1.0058549767
South Carolina,2011,6931,6371,-3.3818622991
South Carolina,2012,5527,5884,-7.6440119291
South Dakota,1978,3053,2972,2.2008253095
South Dakota,1979,3009,2946,-0.8748317631
South Dakota,1980,3074,2983,1.255940258
South Dakota,1981,2949,3063,2.6818638954
South Dakota,1982,3006,2856,-6.7580803134
South Dakota,1983,3198,2856,0
South Dakota,1984,3167,3020,5.7422969188
South Dakota,1985,3305,3069,1.6225165563
South Dakota,1986,3736,3232,5.3111762789
South Dakota,1987,3594,3721,15.129950495
South Dakota,1988,3873,3150,-15.3453372749
South Dakota,1989,3750,3329,5.6825396825
South Dakota,1990,3798,3386,1.7122258937
South Dakota,1991,3826,3393,0.206733609
South Dakota,1992,4031,3593,5.8944886531
South Dakota,1993,4273,3710,3.2563317562
South Dakota,1994,4327,3870,4.3126684636
South Dakota,1995,4267,3837,-0.8527131783
South Dakota,1996,4502,3911,1.9285900443
South Dakota,1997,4451,3980,1.7642546663
South Dakota,1998,5426,4238,6.4824120603
South Dakota,1999,5300,4172,-1.5573383672
South Dakota,2000,5118,4239,1.6059443912
South Dakota,2001,5424,4601,8.539749941
South Dakota,2002,4198,4654,1.1519234949
South Dakota,2003,4901,4735,1.7404383326
South Dakota,2004,6095,4777,0.8870116156
South Dakota,2005,6154,4951,3.6424534227
South Dakota,2006,6083,5040,1.7976166431
South Dakota,2007,6891,4994,-0.9126984127
South Dakota,2008,3884,4935,-1.1814177012
South Dakota,2009,3139,5453,10.4964539007
South Dakota,2010,5914,5714,4.7863561342
South Dakota,2011,7456,5574,-2.4501225061
South Dakota,2012,5217,5304,-4.8439181916
Tennessee,1978,2586,2440,-0.651465798
Tennessee,1979,2522,2344,-3.9344262295
Tennessee,1980,2440,2346,0.0853242321
Tennessee,1981,2331,2309,-1.5771526002
Tennessee,1982,2315,2201,-4.6773495019
Tennessee,1983,2366,2265,2.9077691958
Tennessee,1984,2515,2277,0.5298013245
Tennessee,1985,2780,2461,8.0808080808
Tennessee,1986,3012,2688,9.2238927265
Tennessee,1987,3120,2782,3.4970238095
Tennessee,1988,3138,2850,2.4442846873
Tennessee,1989,3175,2953,3.6140350877
Tennessee,1990,3296,3016,2.133423637
Tennessee,1991,3239,3135,3.9456233422
Tennessee,1992,3713,3372,7.5598086124
Tennessee,1993,3841,3411,1.1565836299
Tennessee,1994,3768,3536,3.6646144826
Tennessee,1995,3648,3799,7.4377828054
Tennessee,1996,3987,3707,-2.4216899184
Tennessee,1997,4083,3716,0.2427839223
Tennessee,1998,4217,3736,0.5382131324
Tennessee,1999,4131,3884,3.9614561028
Tennessee,2000,4434,3940,1.4418125644
Tennessee,2001,3910,4145,5.2030456853
Tennessee,2002,3953,4410,6.3932448733
Tennessee,2003,4388,4486,1.7233560091
Tennessee,2004,4916,4575,1.9839500669
Tennessee,2005,5072,4700,2.7322404372
Tennessee,2006,4924,4483,-4.6170212766
Tennessee,2007,5278,4451,-0.713807718
Tennessee,2008,4374,4501,1.123343069
Tennessee,2009,3355,4802,6.6874027994
Tennessee,2010,4923,4915,2.3531861724
Tennessee,2011,5528,4920,0.1017293998
Tennessee,2012,4772,4880,-0.8130081301
Texas,1978,2589,2232,-0.7558915073
Texas,1979,2516,2201,-1.3888888889
Texas,1980,2512,2232,1.4084507042
Texas,1981,2612,2211,-0.9408602151
Texas,1982,2540,2196,-0.6784260516
Texas,1983,2546,2312,5.2823315118
Texas,1984,2611,2330,0.7785467128
Texas,1985,2801,2501,7.339055794
Texas,1986,2922,2629,5.1179528189
Texas,1987,2926,2641,0.4564473184
Texas,1988,3104,2654,0.4922377887
Texas,1989,3238,2669,0.565184627
Texas,1990,3217,2681,0.4496065942
Texas,1991,3272,2861,6.7139127191
Texas,1992,3384,3123,9.1576371898
Texas,1993,3676,3419,9.4780659622
Texas,1994,3759,3419,0
Texas,1995,3890,3561,4.1532611875
Texas,1996,3893,3487,-2.0780679584
Texas,1997,4628,3543,1.6059650129
Texas,1998,4039,3568,0.705616709
Texas,1999,4803,3671,2.8867713004
Texas,2000,4604,3847,4.7943339689
Texas,2001,3984,3933,2.2355081882
Texas,2002,3553,4121,4.7800661073
Texas,2003,4680,4326,4.9745207474
Texas,2004,4911,4188,-3.1900138696
Texas,2005,4945,4195,0.1671442216
Texas,2006,5069,4225,0.7151370679
Texas,2007,5289,4221,-0.0946745562
Texas,2008,4137,4471,5.9227671168
Texas,2009,3982,4790,7.1348691568
Texas,2010,5021,5000,4.3841336117
Texas,2011,5346,5013,0.26
Texas,2012,5016,4840,-3.4510273289
Utah,1978,3697,3355,-0.974025974
Utah,1979,3583,3270,-2.5335320417
Utah,1980,3574,3320,1.5290519878
Utah,1981,3422,3161,-4.7891566265
Utah,1982,3548,3045,-3.6697247706
Utah,1983,3529,3330,9.3596059113
Utah,1984,3919,3331,0.03003003
Utah,1985,4070,3660,9.8769138397
Utah,1986,4171,3869,5.7103825137
Utah,1987,4095,3929,1.5507883174
Utah,1988,4240,3704,-5.726648002
Utah,1989,4230,3814,2.969762419
Utah,1990,4376,3914,2.6219192449
Utah,1991,4114,3891,-0.5876341339
Utah,1992,4380,3992,2.5957337445
Utah,1993,4476,4046,1.3527054108
Utah,1994,4668,4056,0.2471576866
Utah,1995,4731,4323,6.5828402367
Utah,1996,4787,4367,1.0178117048
Utah,1997,5303,4601,5.3583695901
Utah,1998,5696,4858,5.58574223
Utah,1999,5468,4884,0.5351996706
Utah,2000,6075,5104,4.5045045045
Utah,2001,5184,5253,2.9192789969
Utah,2002,4649,5548,5.6158385684
Utah,2003,6098,5420,-2.3071377073
Utah,2004,6664,5463,0.7933579336
Utah,2005,6244,5322,-2.5809994509
Utah,2006,6357,5426,1.9541525742
Utah,2007,6849,5445,0.350165868
Utah,2008,6174,5724,5.1239669421
Utah,2009,3452,6118,6.8832983927
Utah,2010,6081,6174,0.9153318078
Utah,2011,6174,6049,-2.0246193716
Utah,2012,5465,5993,-0.925772855
Vermont,1978,4265,4035,-2.1580989331
Vermont,1979,4000,3857,-4.4114002478
Vermont,1980,3866,3674,-4.7446201711
Vermont,1981,3895,3547,-3.4567229178
Vermont,1982,3816,4071,14.7730476459
Vermont,1983,3965,3920,-3.709162368
Vermont,1984,4163,3948,0.7142857143
Vermont,1985,4465,4162,5.4204660588
Vermont,1986,4648,4294,3.1715521384
Vermont,1987,4973,4315,0.4890544946
Vermont,1988,4943,4478,3.7775202781
Vermont,1989,5079,4760,6.2974542206
Vermont,1990,4956,4868,2.268907563
Vermont,1991,5049,5146,5.7107641742
Vermont,1992,5431,5271,2.4290711232
Vermont,1993,5371,5086,-3.509770442
Vermont,1994,5377,5076,-0.1966181675
Vermont,1995,5304,5150,1.4578408195
Vermont,1996,5290,5080,-1.359223301
Vermont,1997,5671,5086,0.1181102362
Vermont,1998,5566,5385,5.8788832088
Vermont,1999,6962,5931,10.139275766
Vermont,2000,7200,7041,18.7152250885
Vermont,2001,6656,7138,1.3776452208
Vermont,2002,6759,7282,2.0173718128
Vermont,2003,7350,7793,7.0173029388
Vermont,2004,8436,7673,-1.5398434492
Vermont,2005,8704,8381,9.227160172
Vermont,2006,8924,8464,0.9903352822
Vermont,2007,9666,8893,5.0685255198
Vermont,2008,8797,8661,-2.608793433
Vermont,2009,7809,9364,8.1168456298
Vermont,2010,10097,9668,3.246475865
Vermont,2011,10603,9540,-1.3239553165
Vermont,2012,10143,9520,-0.2096436059
Virginia,1978,3137,2880,0.7697690693
Virginia,1979,3050,2896,0.5555555556
Virginia,1980,2936,2799,-3.3494475138
Virginia,1981,3008,2826,0.9646302251
Virginia,1982,2865,2728,-3.4677990092
Virginia,1983,3123,2795,2.4560117302
Virginia,1984,3199,2778,-0.6082289803
Virginia,1985,3329,2912,4.8236141109
Virginia,1986,3591,3198,9.8214285714
Virginia,1987,3810,3302,3.2520325203
Virginia,1988,3804,3434,3.9975772259
Virginia,1989,3962,3547,3.29062318
Virginia,1990,3845,3569,0.6202424584
Virginia,1991,3885,3572,0.0840571589
Virginia,1992,3901,3552,-0.5599104143
Virginia,1993,3980,3593,1.1542792793
Virginia,1994,4064,3647,1.502922349
Virginia,1995,4289,3848,5.5113792158
Virginia,1996,4376,3865,0.4417879418
Virginia,1997,5095,4040,4.5278137128
Virginia,1998,5290,4190,3.7128712871
Virginia,1999,5146,4477,6.8496420048
Virginia,2000,5518,4562,1.8985928077
Virginia,2001,4099,4824,5.7430951337
Virginia,2002,4129,4912,1.824212272
Virginia,2003,4774,4934,0.4478827362
Virginia,2004,5797,4935,0.0202675314
Virginia,2005,5746,5075,2.8368794326
Virginia,2006,5991,5161,1.6945812808
Virginia,2007,6748,5275,2.2088742492
Virginia,2008,4922,5444,3.2037914692
Virginia,2009,3537,5699,4.6840558413
Virginia,2010,6083,5681,-0.3158448851
Virginia,2011,6394,5736,0.9681394121
Virginia,2012,5269,5712,-0.4184100418
Washington,1978,4499,3851,-6.3244952566
Washington,1979,4461,3830,-0.5453129057
Washington,1980,4241,3833,0.0783289817
Washington,1981,4124,4121,7.5136968432
Washington,1982,4141,4037,-2.0383402087
Washington,1983,4477,4239,5.0037156304
Washington,1984,4494,4141,-2.3118660061
Washington,1985,4743,4370,5.5300652016
Washington,1986,5019,4549,4.0961098398
Washington,1987,5162,4451,-2.1543196307
Washington,1988,5214,4630,4.0215681869
Washington,1989,5269,4545,-1.8358531317
Washington,1990,5408,4861,6.9526952695
Washington,1991,5499,5255,8.1053281218
Washington,1992,5671,5491,4.4909609895
Washington,1993,6046,5550,1.0744855218
Washington,1994,5617,5642,1.6576576577
Washington,1995,6480,5827,3.2789790854
Washington,1996,6513,5540,-4.9253475202
Washington,1997,6766,5598,1.0469314079
Washington,1998,6831,5586,-0.2143622722
Washington,1999,6778,5715,2.3093447905
Washington,2000,6906,5843,2.239720035
Washington,2001,5121,6026,3.131952764
Washington,2002,5021,6406,6.3060073017
Washington,2003,6063,6664,4.0274742429
Washington,2004,6896,6389,-4.1266506603
Washington,2005,6914,6209,-2.8173423071
Washington,2006,7299,6063,-2.3514253503
Washington,2007,8062,6310,4.0738908131
Washington,2008,5957,6450,2.2187004754
Washington,2009,3914,6975,8.1395348837
Washington,2010,6919,7221,3.5268817204
Washington,2011,7544,6883,-4.6807921341
Washington,2012,5898,6599,-4.1261078018
West Virginia,1978,3815,3767,3.4321801208
West Virginia,1979,3906,3953,4.9376161402
West Virginia,1980,3770,3825,-3.2380470529
West Virginia,1981,3789,3701,-3.2418300654
West Virginia,1982,3784,3468,-6.2955957849
West Virginia,1983,3794,3610,4.0945790081
West Virginia,1984,4066,3595,-0.4155124654
West Virginia,1985,4102,3741,4.0611961057
West Virginia,1986,4253,4030,7.7252071639
West Virginia,1987,4347,4226,4.8635235732
West Virginia,1988,3924,4040,-4.4013251301
West Virginia,1989,4084,3915,-3.0940594059
West Virginia,1990,4368,4127,5.4150702427
West Virginia,1991,4740,4472,8.3595832324
West Virginia,1992,4939,4767,6.5966010733
West Virginia,1993,5287,5195,8.9783931194
West Virginia,1994,5404,5268,1.4051973051
West Virginia,1995,5503,5173,-1.8033409263
West Virginia,1996,5507,5279,2.0491011019
West Virginia,1997,5888,5619,6.4406137526
West Virginia,1998,6058,5546,-1.2991635522
West Virginia,1999,6111,5580,0.6130544537
West Virginia,2000,6339,5572,-0.1433691756
West Virginia,2001,5970,5254,-5.7071069634
West Virginia,2002,6454,6651,26.5892653217
West Virginia,2003,6724,6888,3.5633739287
West Virginia,2004,7436,6610,-4.0360046458
West Virginia,2005,7761,6243,-5.552193646
West Virginia,2006,7124,6094,-2.3866730738
West Virginia,2007,7562,6137,0.7056120775
West Virginia,2008,6221,6120,-0.2770083102
West Virginia,2009,6436,6661,8.839869281
West Virginia,2010,7787,7009,5.2244407747
West Virginia,2011,8472,7152,2.0402339849
West Virginia,2012,7135,7122,-0.4194630872
Wisconsin,1978,4200,3615,-1.2025143482
Wisconsin,1979,4240,3647,0.8852005533
Wisconsin,1980,3895,3592,-1.5080888401
Wisconsin,1981,3848,3654,1.7260579065
Wisconsin,1982,3790,3469,-5.0629447181
Wisconsin,1983,4172,3727,7.4373018161
Wisconsin,1984,4466,3514,-5.7150523209
Wisconsin,1985,4398,3894,10.8138873079
Wisconsin,1986,4795,4019,3.2100667694
Wisconsin,1987,5147,3988,-0.7713361533
Wisconsin,1988,4854,3953,-0.8776328987
Wisconsin,1989,5006,4008,1.391348343
Wisconsin,1990,5494,4089,2.0209580838
Wisconsin,1991,4800,4227,3.3749082905
Wisconsin,1992,5734,4427,4.731488053
Wisconsin,1993,5836,4569,3.2075897899
Wisconsin,1994,5920,4612,0.9411249726
Wisconsin,1995,4889,4737,2.710320902
Wisconsin,1996,6817,4754,0.3588769263
Wisconsin,1997,6487,4944,3.9966344131
Wisconsin,1998,7189,5052,2.1844660194
Wisconsin,1999,7322,5289,4.6912114014
Wisconsin,2000,7969,5665,7.1090943468
Wisconsin,2001,4514,5960,5.2074139453
Wisconsin,2003,5731,6299,0.4785452225
Wisconsin,2004,7689,6299,0
Wisconsin,2005,7258,6111,-2.9846007303
Wisconsin,2006,6822,6151,0.6545573556
Wisconsin,2007,7979,6119,-0.5202406113
Wisconsin,2008,4815,6172,0.8661546004
Wisconsin,2009,1608,6729,9.0246273493
Wisconsin,2010,8900,7142,6.1376133155
Wisconsin,2011,8011,7036,-1.4841781014
Wisconsin,2012,6268,6595,-6.267765776
Wisconsin,2012,6268,6595,0
Wyoming,1978,5483,4143,0.3876908166
Wyoming,1979,5519,4432,6.9756215303
Wyoming,1980,5507,4686,5.7310469314
Wyoming,1981,5949,4972,6.103286385
Wyoming,1982,7323,5278,6.154465004
Wyoming,1983,7215,5705,8.0901856764
Wyoming,1984,7888,6191,8.5188431201
Wyoming,1985,8308,6394,3.2789533193
Wyoming,1986,8468,6902,7.9449483891
Wyoming,1987,7636,6905,0.0434656621
Wyoming,1988,7057,6296,-8.8196958726
Wyoming,1989,7446,6326,0.4764930114
Wyoming,1990,7364,6355,0.4584255454
Wyoming,1991,7264,6655,4.7206923682
Wyoming,1992,7106,6757,1.5326821938
Wyoming,1993,7324,6337,-6.2157762321
Wyoming,1994,7445,6370,0.5207511441
Wyoming,1995,6955,6351,-0.2982731554
Wyoming,1996,7291,6181,-2.6767438199
Wyoming,1997,7751,6216,0.5662514156
Wyoming,1998,7614,6234,0.2895752896
Wyoming,1999,8665,6650,6.6730830927
Wyoming,2000,15484,6885,3.5338345865
Wyoming,2001,7548,6933,0.697167756
Wyoming,2002,7069,7525,8.5388720612
Wyoming,2003,8435,8091,7.5215946844
Wyoming,2004,11005,8586,6.1179087875
Wyoming,2005,12111,9145,6.510598649
Wyoming,2006,12706,8741,-4.4177145981
Wyoming,2007,12610,9391,7.4362201121
Wyoming,2008,13120,9924,5.675646896
Wyoming,2009,9152,10663,7.4465941153
Wyoming,2010,13907,10743,0.7502579012
Wyoming,2011,13483,10207,-4.9892953551
Wyoming,2012,11872,10013,-1.9006564123
