Name,GNP def pct,GNP real pct,GNP pct,GNP,GNP real,GNP def,CPI growth,CPI 2010 dollars,SURPLUS millions,SURPLUS pct,GCE,GCEI,M2 US,M2 seasonally adjusted,M1 seasonally adjusted,M1 growth,Unemployment Rate,Unemployment Rate pct,NASDAQ pct ,DJIA pct,Stage
DATE,A001RI1Q225SBEA,A001RL1Q225SBEA,A001RP1Q027SBEA,GNP,GNPC96,GNPDEF,CPALTT01USQ657N,CPALTT01USQ661S,FGOSNTQ027S,FGOSNTQ027S_PCH,GCE,GCEC1,MABMM201USQ189N,MABMM201USQ189S,MANMM101USQ189S,MANMM101USQ657S,Computed Unemployment Rate,UNRATE pct change over one year ago,NASDAQ pct change over one year ago,DJIA pct change (BCB),"NBER (1=Contraction, 2=Expansion)"
1947-01-01,0,0,0,244.1,1947,12.535,0,0,0,0,40.1,478.7,0,0,0,0,0,0,0,0,2
1947-04-01,5.9,-0.3,5.5,247.4,1945.3,12.716,0,0,0,0,40.3,482.8,0,0,0,0,0,0,0,0.0005643341,2
1947-07-01,6.9,-0.4,6.4,251.2,1943.3,12.929,0,0,0,0,39.8,485.9,0,0,0,0,0,0,0,0.00107163,2
1947-10-01,10.2,6.5,17.4,261.5,1974.3,13.247,0,0,0,0,40,482.5,0,0,0,0,0,0,0,0.0206772213,2
1948-01-01,3.1,6.2,9.5,267.6,2004.2,13.35,0,0,0,0,41.2,488.6,0,0,0,0,3.7,0,0,-0.0218591301,2
1948-04-01,3.6,6.7,10.6,274.4,2037.2,13.468,0,0,0,0,43.1,505,0,0,0,0,3.7,0,0,0.0691873589,2
1948-07-01,7.6,2.3,10,281,2048.6,13.716,0,0,0,0,44.8,515,0,0,0,0,3.8,0,0,-0.0589042542,2
1948-10-01,1.2,0.4,1.6,282.1,2050.8,13.757,0,0,0,0,46.8,533.8,0,0,0,0,3.8,0,0,-0.005608525,1
1949-01-01,-2.1,-5.4,-7.4,276.8,2022.4,13.685,0,0,0,0,48.8,548.6,0,0,0,0,4.7,1,0,-0.0011280316,1
1949-04-01,-3.9,-1.4,-5.3,273,2015.3,13.548,0,0,0,0,50.6,572.5,0,0,0,0,5.9,2.2,0,-0.0546583851,1
1949-07-01,-2.1,4.4,2.2,274.5,2037,13.478,0,0,0,0,50.6,577.6,0,0,0,0,6.7,2.9,0,0.0901326006,1
1949-10-01,0.2,-3.7,-3.5,272.1,2017.7,13.486,0,0,0,0,50.1,565.8,0,0,0,0,7,3.2,0,0.0965426552,1
1950-01-01,-0.8,17,16.1,282.4,2098.4,13.459,0,0,0,0,49.2,557.1,0,0,0,0,6.4,1.7,0,0.0295807725,2
1950-04-01,1.4,12.7,14.3,292.1,2162.2,13.507,0,0,0,0,49.9,566.6,0,0,0,0,5.6,-0.3,0,0.0148507644,2
1950-07-01,9,16.7,27.1,310.1,2247.3,13.8,0,0,0,0,50,557.3,0,0,0,0,4.6,-2.1,0,0.0824924681,2
1950-10-01,7.6,7.9,16.1,321.9,2290.3,14.056,0,0,0,0,53.9,597.2,0,0,0,0,4.2,-2.8,0,0.0399805619,2
1951-01-01,15.1,5.5,21.4,337.9,2320.9,14.559,0,0,0,0,62.3,660.9,0,0,0,0,3.5,-2.9,0,0.0532262861,2
1951-04-01,2.7,7.5,10.4,346.3,2363.2,14.655,0,0,0,0,70,748.8,0,0,0,0,3.1,-2.5,0,-0.0213761394,2
1951-07-01,0.3,8.5,8.9,353.8,2412.2,14.666,0,0,0,0,78.3,830.9,0,0,0,0,3.2,-1.4,0,0.1175403891,2
1951-10-01,4.6,1,5.7,358.7,2418.4,14.833,0,0,0,0,83.6,874.8,0,0,0,0,3.4,-0.8,0,-0.007117569,2
1952-01-01,-0.2,4.1,3.9,362.2,2442.9,14.827,0,0,0,0,85.3,900.5,0,0,0,0,3.1,-0.4,0,0.0008542882,2
1952-04-01,0.5,0.8,1.4,363.4,2448,14.846,0,0,0,0,89.2,930.7,0,0,0,0,3,-0.1,0,0.0178134046,2
1952-07-01,4.5,2.9,7.5,370.1,2465.4,15.011,0,0,0,0,91.2,940,0,0,0,0,3.2,0,0,-0.0133085393,2
1952-10-01,1.1,13.6,14.9,383.2,2545.5,15.053,0,0,0,0,93.7,955.6,0,0,0,0,2.8,-0.6,0,0.0786741066,2
1953-01-01,0.2,7.6,7.7,390.4,2592.3,15.059,0,0,0,0,96,985.5,0,0,0,0,2.7,-0.4,0,-0.0412127441,2
1953-04-01,0.8,3.3,4.1,394.3,2613.3,15.088,0,0,0,0,98.2,1005.9,0,0,0,0,2.6,-0.4,0,-0.0414835459,1
1953-07-01,1.7,-2.5,-0.8,393.5,2597.1,15.152,0,0,0,0,96.9,995.2,0,0,0,0,2.7,-0.5,0,-0.0157310072,1
1953-10-01,0.8,-5.9,-5.1,388.3,2557.9,15.182,0,0,0,0,97,992.4,0,0,0,0,3.7,0.9,0,0.0638539615,1
1954-01-01,1.2,-1.7,-0.4,387.9,2547.3,15.229,0,0,0,0,95.1,967.3,0,0,0,0,5.3,2.6,0,0.080491278,1
1954-04-01,0.4,0.4,0.8,388.7,2549.9,15.245,0,0,0,0,92.8,934.3,0,0,0,0,5.8,3.2,0,0.0989094264,1
1954-07-01,0.5,4.6,5.2,393.6,2578.8,15.264,0,0,0,0,91.4,914.3,0,0,0,0,6,3.3,0,0.080742362,2
1954-10-01,1.1,8.3,9.5,402.7,2630.7,15.307,0,0,0,0,91.6,908.6,0,0,0,0,5.3,1.6,0,0.1218720524,2
1955-01-01,2,11.9,14.1,416.2,2705.7,15.382,0,0.1228739167,0,0,92.2,909.2,0,0,0,0,4.7,-0.6,0,0.0131308885,2
1955-04-01,1.7,6.6,8.4,424.6,2749.1,15.446,0,0.1227057637,0,0,92.8,900.5,0,0,0,0,4.4,-1.4,0,0.1017329753,2
1955-07-01,2.9,5.5,8.5,433.4,2786.1,15.555,0.4993757803,0.1227974835,0,0,94.4,906.1,0,0,0,0,4.1,-1.9,0,0.0337631264,2
1955-10-01,4,2.5,6.6,440.3,2803.1,15.708,0.1242236025,0.1231643626,0,0,93.6,888.3,0,0,0,0,4.2,-1.1,0,0.0466760962,2
1956-01-01,4.1,-1.2,2.8,443.3,2794.3,15.866,-0.2481389578,0.1231796492,0,0,95.2,888.1,0,0,0,0,4,-0.7,0,0.0478910729,2
1956-04-01,2.4,3.3,5.8,449.6,2817,15.96,0.8706467662,0.1239898405,0,0,98.6,905.9,0,0,0,0,4.2,-0.2,0,-0.0371441412,2
1956-07-01,5.1,-0.3,4.8,454.9,2815.2,16.159,1.2330456227,0.1252739173,0,0,98.6,898.3,297644444333.333,0,0,0,4.1,0,0,-0.035573684,2
1956-10-01,1.7,6.3,8.1,463.8,2858.5,16.227,0.6090133983,0.1263439812,0,0,101.7,920.7,305944444333.333,0,0,0,4.1,-0.1,0,0.0509626512,2
1957-01-01,5.5,3,8.7,473.7,2879.9,16.447,0.6053268765,0.1273834719,0,0,105.7,940.7,321522222333.333,0,0,0,3.9,-0.1,0,-0.0493723347,2
1957-04-01,2.9,-0.7,2.2,476.2,2875.1,16.563,1.083032491,0.1284688225,0,0,106.2,935.7,340700000000,0,0,0,4.1,-0.1,0,0.0599818875,2
1957-07-01,2.4,3.8,6.3,483.5,2902,16.663,1.0714285714,0.1296153196,0,0,107.8,943.5,360622222333.333,0,0,0,4.2,0.1,0,-0.093365654,2
1957-10-01,0.2,-4.6,-4.3,478.2,2868.1,16.673,0.2355712603,0.1302420714,0,0,110.4,959.3,383111111000,0,0,0,4.9,0.8,0,-0.0451676529,1
1958-01-01,4.4,-9.9,-5.9,471,2794.6,16.853,1.0575793184,0.1317860208,0,0,110.2,950.8,404588889000,0,0,0,6.3,2.4,0,0.0254079736,1
1958-04-01,1.2,2.7,3.9,475.5,2813.2,16.902,0.8139534884,0.1326726453,0,0,114,974.7,430444444333.333,0,0,0,7.4,3.3,0,0.0703285881,1
1958-07-01,2.4,9.4,12.1,489.3,2877.3,17.004,0.1153402537,0.1325962121,0,0,115.5,980.6,455988889000,0,0,0,7.3,3.1,0,0.1127399724,2
1958-10-01,1.9,9.6,11.7,503,2944,17.085,0,0.1327337918,0,0,118.4,1000.7,473300000000,0,0,0,6.4,1.5,0,0.0969009002,2
1959-01-01,1.1,7.6,8.8,513.6,2998.3,17.131,0,0.1329630912,-471,0,117.6,989.4,288466666666.667,287833333333.333,139333333333.333,0,5.8,-0.5,0,0.0309432023,2
1959-04-01,0.6,10,10.7,526.8,3070.8,17.156,0.3456221198,0.1331923906,-481,2.1,119,1001.7,290966666666.667,292133333333.333,140533333333.333,0.8612440191,5.1,-2.3,0,0.0696182546,2
1959-07-01,1.5,-0.6,0.9,528,3066.2,17.221,0.6888633754,0.1338802889,-555,15.4,119.9,1010.3,295100000000,296100000000,141533333333.333,0.7115749526,5.3,-2,0,-0.0185208204,2
1959-10-01,1.6,1.7,3.3,532.4,3079.3,17.288,0.5701254276,0.1346904802,-498,-10.3,119,1002.1,298433333333.333,297133333333.333,140266666666.667,-0.8949599623,5.6,-0.8,0,0.0754812563,2
1960-01-01,1.7,9.1,10.9,546.3,3146.8,17.36,-0.1133786848,0.1348127732,-583,17.1,117.4,985.2,299400000000,298700000000,139900000000,-0.2614068441,5.1,-0.7,0,-0.0923957843,2
1960-04-01,1,-1.5,-0.4,545.7,3135.3,17.405,0.5675368899,0.1356229645,-608,4.3,118.9,995.8,300033333333.333,301100000000,139600000000,-0.2144388849,5.2,0.1,0,0.0389724128,2
1960-07-01,1.5,1.1,2.6,549.2,3143.9,17.468,0.2257336343,0.1356993976,-778,28,122.9,1020,305500000000,306466666666.667,140900000000,0.9312320917,5.5,0.2,0,-0.0944085417,1
1960-10-01,1.2,-4.6,-3.4,544.4,3107.2,17.521,0.6756756757,0.1365707354,-816,4.9,124.9,1026.8,312300000000,310933333333.333,140833333333.333,-0.0473148805,6.3,0.7,0,0.0616230565,1
1961-01-01,0.9,2.9,3.8,549.5,3129.4,17.56,0,0.1368458947,-903,10.7,126.8,1042,317100000000,316300000000,141533333333.333,0.4970414201,6.8,1.7,0,0.0986215071,1
1961-04-01,1,7.4,8.5,560.8,3186,17.603,0,0.1368000349,-990,9.6,127.9,1044.4,320966666666.667,322133333333.333,142566666666.667,0.7300989166,7,1.8,0,0.0108330993,2
1961-07-01,1.1,6.9,8,571.7,3239.3,17.65,0.5592841163,0.1373350668,-928,-6.3,130.6,1066.4,326500000000,327566666666.667,143400000000,0.5845218611,6.8,1.3,0,0.0252207731,2
1961-10-01,1.3,8.4,9.8,585.2,3305,17.707,0.1112347052,0.137533793,-749,-19.3,134.2,1089.7,334700000000,333333333333.333,144700000000,0.9065550907,6.2,-0.1,0,0.0426833616,2
1962-01-01,2.1,7.3,9.6,598.8,3364,17.8,0.2222222222,0.138068825,-817,9.1,137.8,1110.7,341166666666.667,340233333333.333,145633333333.333,0.6450126699,5.6,-1.2,0,-0.0330853188,2
1962-04-01,0.7,4.6,5.3,606.6,3402.1,17.829,0.44345898,0.1385885703,-906,10.9,139.1,1116,346233333333.333,347433333333.333,146600000000,0.6637674525,5.5,-1.5,0,-0.2060541764,2
1962-07-01,0.8,3.9,4.7,613.6,3434.5,17.866,0.4415011038,0.1389860227,-900,-0.7,142.7,1141.7,351633333333.333,352833333333.333,146466666666.667,-0.090950432,5.6,-1.2,0,0.0315350627,2
1962-10-01,0.8,2,2.8,617.9,3451.4,17.902,0.2197802198,0.1393223285,-982,9.1,144.2,1149.6,361266666666.667,359900000000,147266666666.667,0.5461993628,5.5,-0.7,0,0.1262910636,2
1963-01-01,1.8,4.3,6.2,627.2,3488.2,17.98,0.1096491228,0.1397656407,-738,-24.8,144.4,1134.1,368966666666.667,367933333333.333,148800000000,1.0411951109,5.8,0.2,0,0.0466492869,2
1963-04-01,0.7,5.2,5.9,636.2,3532.3,18.01,0.3285870756,0.1400255134,-760,3,144.8,1135.1,374633333333.333,375933333333.333,150166666666.667,0.9184587814,5.7,0.2,0,0.0356912618,2
1963-07-01,0.5,8,8.6,649.4,3601.2,18.033,0.5458515284,0.1408815646,-720,-5.3,150.6,1185.4,382200000000,383566666666.667,151700000000,1.0210876804,5.5,-0.1,0,0.036654029,2
1963-10-01,3.3,3,6.3,659.5,3627.6,18.179,0.434310532,0.1412637303,-646,-10.3,151.7,1173.7,392500000000,391000000000,153166666666.667,0.966820479,5.6,0.1,0,0.0411577669,2
1964-01-01,1.3,9.2,10.5,676.2,3707.9,18.237,0.2162162162,0.1418446221,-664,2.8,153.3,1177.3,398666666666.667,397533333333.333,154166666666.667,0.6528835691,5.5,-0.3,0,0.0659807327,2
1964-04-01,1,4.7,5.7,685.6,3750.5,18.281,0.1078748652,0.1420739215,-677,2,155.1,1187.9,403000000000,404333333333.333,155233333333.333,0.6918918919,5.2,-0.5,0,0.0223905372,2
1964-07-01,1.7,5.6,7.3,697.9,3801.9,18.356,0.4310344828,0.1423949407,-931,37.5,156.8,1189.4,412033333333.333,413466666666.667,157766666666.667,1.6319519004,5,-0.5,0,0.0527600722,2
1964-10-01,1.8,1.2,3.1,703.1,3813.2,18.439,0.321888412,0.1430522657,-774,-16.9,156.9,1189,423700000000,421933333333.333,159833333333.333,1.309951405,5,-0.6,0,-0.0014165439,2
1965-01-01,2.1,10.6,12.8,724.7,3910.3,18.533,0.2139037433,0.143495578,-817,5.6,157.8,1187.7,431533333333.333,430366666666.667,161033333333.333,0.7507820647,4.9,-0.6,0,0.0170683994,2
1965-04-01,1.8,5.6,7.6,738,3964.3,18.616,0.7470651014,0.1444127756,-770,-5.8,160.6,1202,436100000000,437533333333.333,161966666666.667,0.579590147,4.7,-0.5,0,-0.0236432147,2
1965-07-01,1.6,8.1,9.8,755.4,4042,18.69,0.4237288136,0.1448408012,-902,17.1,167.6,1241.7,444600000000,446066666666.667,163833333333.333,1.1525005145,4.4,-0.6,0,0.0720597214,2
1965-10-01,2.7,9.4,12.4,777.9,4133.9,18.817,0.4219409283,0.1456051326,-1012,12.2,173.5,1265.4,457800000000,455833333333.333,166833333333.333,1.8311291963,4.1,-0.9,0,0.0415654753,2
1966-01-01,2.6,10.3,13.2,802.3,4236.3,18.939,0.7352941176,0.1469656425,-1025,1.3,177.9,1289,465566666666.667,464600000000,169733333333.333,1.7382617383,3.9,-1,0,-0.0459009966,2
1966-04-01,3.3,1.6,5,812.2,4253.6,19.095,1.1470281543,0.1482955792,-1129,10.1,182.6,1313.4,468633333333.333,470200000000,171566666666.667,1.0801256874,3.8,-0.9,0,-0.0591174022,2
1966-07-01,3.9,2.8,6.8,825.8,4283,19.28,0.9278350515,0.1495796559,-1369,21.3,190.4,1349.1,471666666666.667,472966666666.667,171033333333.333,-0.3108606956,3.8,-0.6,0,-0.1101942305,2
1966-10-01,3.4,3.6,7.1,840.1,4320.7,19.444,0.8171603677,0.1508025862,-1255,-8.3,194.7,1372.4,479566666666.667,477733333333.333,171533333333.333,0.2923406743,3.7,-0.4,0,0.0148149105,2
1967-01-01,1.7,3.7,5.4,851.3,4359.8,19.525,0.1013171226,0.1511847519,-1306,4.1,203.6,1429.8,486033333333.333,485466666666.667,173233333333.333,0.9910610183,3.8,-0.1,0,0.1021904313,2
1967-04-01,2,0.3,2.3,856.1,4362.8,19.624,0.8097165992,0.1521019496,-1196,-8.4,204.8,1424.2,495700000000,497100000000,175633333333.333,1.3854146623,3.8,0,0,-0.0066052334,2
1967-07-01,3.9,3.8,7.8,872.3,4403.1,19.811,0.9036144578,0.1536306124,-1158,-3.2,209.4,1440.2,509666666666.667,510600000000,179500000000,2.2015562725,3.8,0,0,0.077185967,2
1967-10-01,4.5,3.1,7.8,888.8,4437.4,20.029,0.8955223881,0.1553121415,-1449,25.1,214.4,1451.4,522966666666.667,521400000000,182433333333.333,1.6341689879,3.9,0.2,0,-0.023255563,2
1968-01-01,4.5,8.4,13.3,917,4527.7,20.252,1.1834319527,0.1568408043,-1044,-28,220.9,1477.2,530533333333.333,530333333333.333,184833333333.333,1.315549059,3.7,-0.1,0,-0.0711957663,2
1968-04-01,4.3,6.9,11.5,942.3,4604.2,20.466,0.9746588694,0.1583694671,-1000,-4.2,224.8,1485,538166666666.667,539066666666.667,188000000000,1.7132551849,3.6,-0.2,0,0.0679577004,2
1968-07-01,4,3,7.1,958.6,4638.1,20.668,1.3513513514,0.160509595,-983,-1.7,228.6,1489.7,548966666666.667,549533333333.333,191666666666.667,1.9503546099,3.5,-0.3,0,0.0423145467,2
1968-10-01,5.8,1.8,7.6,976.4,4658.4,20.96,1.1428571429,0.1624968567,-1088,10.7,232.7,1491,563566666666.667,562266666666.667,195800000000,2.1565217391,3.4,-0.5,0,0.0085061819,2
1969-01-01,4.2,6.3,10.8,1001.8,4730.4,21.177,1.2241054614,0.1644841183,-1255,15.3,235,1494.7,571800000000,571866666666.667,199333333333.333,1.8045624787,3.4,-0.3,0,-0.0087629139,2
1969-04-01,5.2,1.2,6.4,1017.5,4744.3,21.447,1.6744186047,0.1670828451,-1266,0.9,238.2,1490,576533333333.333,576900000000,200933333333.333,0.8026755853,3.4,-0.2,0,-0.0665861376,2
1969-07-01,5.8,2.4,8.3,1038,4772.4,21.749,1.4638609332,0.1693758393,-1297,2.4,244,1493.5,580100000000,580566666666.667,201833333333.333,0.4479097545,3.6,0.1,0,-0.0688280901,2
1969-10-01,5.2,-1.7,3.4,1046.8,4751.7,22.029,1.4427412083,0.1719745661,-1233,-4.9,244.3,1473.9,586200000000,585566666666.667,203466666666.667,0.8092485549,3.6,0.2,0,-0.0156563234,1
1970-01-01,5.7,-0.6,5.1,1059.8,4744.1,22.339,1.3333333333,0.1747261592,-1978,60.4,249.4,1466.9,587566666666.667,587733333333.333,205633333333.333,1.0648754915,4.2,0.8,0,-0.0184791844,1
1970-04-01,5.7,0.8,6.5,1076.7,4753.5,22.652,1.6666666667,0.1771720197,-2585,30.7,250.7,1450.2,593733333333.333,591700000000,207166666666.667,0.7456638029,4.8,1.4,0,-0.129892944,1
1970-07-01,3.3,3.5,7,1095,4794.9,22.838,1.1216566005,0.179006415,-2538,-1.8,256.2,1456.5,604300000000,605066666666.667,209900000000,1.319388576,5.2,1.6,0,0.1128699545,1
1970-10-01,5.4,-4.2,0.9,1097.5,4743.3,23.139,1.3651877133,0.1816051418,-2751,8.4,260.4,1457.2,620000000000,621333333333.333,213666666666.667,1.79450532,5.8,2.2,0,0.10285534,2
1971-01-01,6.3,11.6,18.6,1145.2,4874.8,23.493,0.7575757576,0.1831338046,-3066,11.5,263.7,1436.1,641166666666.667,641266666666.667,217233333333.333,1.6692667707,5.9,1.7,0,0.0780169742,2
1971-04-01,5.4,2.4,7.9,1167.3,4904.2,23.803,1.0860484545,0.1848153337,-2495,-18.6,268,1432.8,668500000000,666033333333.333,221833333333.333,2.1175387448,5.9,1.1,0,-0.0146289682,2
1971-07-01,4.1,2.9,7.1,1187.6,4938.9,24.045,1.0743801653,0.1866497291,-2815,12.8,271.7,1432.4,685233333333.333,685866666666.667,225666666666.667,1.7280240421,6,0.8,0,-0.0044325246,2
1971-10-01,3.4,1.3,4.7,1201.3,4955,24.245,0.4905968929,0.1880255256,-2749,-2.3,274,1422.6,702666666666.667,704433333333.333,227766666666.667,0.9305760709,5.9,0.1,0,0.0033927344,2
1972-01-01,6.3,7.5,14.2,1242,5044.7,24.619,0.7323026851,0.1895541884,-2734,-0.5,284.3,1429.3,725300000000,725633333333.333,232233333333.333,1.9610712718,5.8,-0.1,0,0.056728825,2
1972-04-01,2.5,9.5,12.2,1278.2,5160.2,24.771,0.8077544426,0.1907771187,-2466,-9.8,289,1438,746533333333.333,743800000000,236033333333.333,1.6362853452,5.7,-0.2,0,-0.0124056554,2
1972-07-01,3.8,3.9,7.9,1302.8,5210.3,25.003,0.9615384615,0.1923057815,-2381,-3.4,286.3,1409.3,768400000000,768833333333.333,240966666666.667,2.0901002683,5.6,-0.4,0,0.0260917301,2
1972-10-01,5.2,6.7,12.3,1341,5296,25.322,0.9523809524,0.1942930431,-1927,-19.1,293.5,1420.1,792300000000,794366666666.667,246866666666.667,2.4484714345,5.4,-0.5,22.4,0.0700221343,2
1973-01-01,4.7,10.6,15.9,1391.4,5431.3,25.617,1.2578616352,0.1973503688,-2856,48.2,301.3,1431.6,812666666666.667,813233333333.333,251800000000,1.9983796921,4.9,-0.9,2.8,-0.0676555362,2
1973-04-01,6.2,4.8,11.3,1429.2,5495.2,26.008,2.251552795,0.2014777583,-3227,13,304.9,1424.5,829466666666.667,826600000000,254766666666.667,1.1781837437,4.9,-0.8,-18.4,-0.0623547597,2
1973-07-01,7.9,-1.6,6.1,1450.7,5473.3,26.505,2.2019741838,0.2054522816,-3586,11.1,305.6,1406.4,838033333333.333,838200000000,257700000000,1.151380348,4.8,-0.8,-18.5,0.0621166074,2
1973-10-01,8.2,3.8,12.3,1493.4,5524.2,27.033,2.3031203566,0.2106497352,-3870,7.9,313.7,1415.8,847033333333.333,849000000000,260966666666.667,1.267623852,4.8,-0.6,-22.3,-0.1016154577,1
1974-01-01,7.8,-2.6,5,1511.7,5488.3,27.545,2.8322440087,0.2169172527,-3623,-6.4,326.1,1442.4,863733333333.333,864666666666.667,265266666666.667,1.6477200153,5.1,0.2,-25.4,-0.0049126766,1
1974-04-01,9.8,0.8,10.7,1550.6,5499.1,28.198,2.8248587571,0.2227261714,-2831,-21.9,337.3,1451.6,877966666666.667,875100000000,267766666666.667,0.9424478512,5.2,0.3,-20.8,-0.0522865782,1
1974-07-01,12.1,-4.2,7.4,1578.7,5440.9,29.015,3.021978022,0.2289936889,-3104,9.6,348.3,1453.5,884533333333.333,884466666666.667,270133333333.333,0.8838541018,5.6,0.8,-37.3,-0.2424446355,1
1974-10-01,12.3,-2.1,9.9,1616.3,5411.7,29.867,3,0.2360255378,-3440,10.8,360.8,1459.9,896433333333.333,898000000000,273400000000,1.2092793682,6.6,1.8,-40,0.0137693915,1
1975-01-01,9.4,-5.2,3.7,1630.9,5339.2,30.547,1.8122977346,0.2410701251,-4043,17.5,371.7,1476.1,913700000000,915133333333.333,275100000000,0.6217995611,8.3,3.2,-25.1,0.2465110996,2
1975-04-01,6.1,3.1,9.4,1668.1,5380.3,31.004,1.5257469803,0.2439745845,-4214,4.2,375.8,1466.2,951400000000,948666666666.667,279266666666.667,1.5146007512,8.9,3.7,-4.3,0.1442947341,2
1975-07-01,7.3,7,14.8,1726.8,5471.9,31.558,2.1289918597,0.2488663054,-4614,9.5,387,1489.5,983500000000,983233333333.333,284500000000,1.873955598,8.5,2.9,21.1,-0.0968270401,2
1975-10-01,6.8,6.1,13.4,1781.8,5553.5,32.085,1.5941140405,0.2534522939,-4807,4.2,397.3,1503.4,1006066666666.67,1006966666666.67,286433333333.333,0.6795547745,8.3,1.7,25.9,0.0737265078,2
1976-01-01,4.3,9.1,13.8,1840.3,5676.2,32.421,0.9656004828,0.2563567532,-2904,-39.6,402.9,1506.5,1036733333333.33,1038966666666.67,290633333333.333,1.466309787,7.7,-0.6,24.7,0.1724991495,2
1976-04-01,4.1,3.2,7.4,1873.6,5720.7,32.751,1.2552301255,0.2586497474,-2935,1.1,403.2,1491.4,1072666666666.67,1070166666666.67,295600000000,1.7089115724,7.6,-1.3,10.2,0.0033318325,2
1976-07-01,5.3,2.1,7.5,1907.6,5750.1,33.176,1.5938606848,0.262777137,-2862,-2.5,404.9,1483.9,1099100000000,1098600000000,298600000000,1.0148849797,7.7,-0.8,14,-0.0125550968,2
1976-10-01,7.3,3.1,10.6,1956.3,5794.1,33.763,1.1621150494,0.266598794,-2921,2.1,412.3,1484.4,1137866666666.67,1138400000000,303933333333.333,1.7861129716,7.8,-0.5,18.5,0.014603258,2
1977-01-01,6.6,5.3,12.2,2013.3,5868.7,34.306,1.7231476163,0.271490515,-3094,5.9,422.7,1497.3,1174233333333.33,1177100000000,311233333333.333,2.4018425093,7.5,-0.2,9.8,-0.0851241726,2
1977-04-01,5.8,7.9,14.1,2080.9,5981.4,34.79,2.2021456804,0.2762293697,-3184,2.9,433.1,1512,1210633333333.33,1208800000000,317333333333.333,1.9599443076,7.1,-0.5,8.1,-0.0030789986,2
1977-07-01,5,7.2,12.5,2143.3,6085.5,35.219,1.4364640884,0.2800510268,-3652,14.7,439.1,1515.4,1237633333333.33,1236633333333.33,322333333333.333,1.5756302521,6.9,-0.8,10.4,-0.0755102041,2
1977-10-01,9,-0.4,8.5,2187.5,6079.3,35.982,1.0893246187,0.2841784164,-3786,3.7,448.1,1512.1,1263033333333.33,1262233333333.33,328633333333.333,1.9544984488,6.7,-1.1,10.9,-0.0188169187,2
1978-01-01,6.1,2,8.2,2230.8,6108.8,36.518,1.724137931,0.2890701373,-3808,0.6,454.8,1513.9,1282433333333.33,1285800000000,335566666666.667,2.1097474389,6.3,-1.2,6.5,-0.0888025314,2
1978-04-01,7.6,15.5,24.3,2355.3,6333.4,37.189,2.5423728814,0.2956433874,-3293,-13.5,473.3,1554.1,1310400000000,1309800000000,343900000000,2.4833614781,6,-1.1,21.6,0.0813219605,2
1978-07-01,6.9,4.3,11.4,2419.8,6399.6,37.811,2.3760330579,0.3025223701,-1877,-43,484,1566.4,1335400000000,1334200000000,349800000000,1.7156150044,6,-0.9,29.1,0.0572318212,2
1978-10-01,8.7,6,15.2,2506.8,6493.2,38.606,2.0181634712,0.309554219,-2602,38.6,497.4,1580.6,1361400000000,1359133333333.33,355333333333.333,1.5818562988,5.9,-0.8,18.4,-0.0702339978,2
1979-01-01,7.3,0.9,8.3,2557.2,6507.6,39.296,2.4727992087,0.3173503993,-2525,-3,502.9,1566.9,1376166666666.67,1379066666666.67,360333333333.333,1.4071294559,5.9,-0.4,22.5,0.0710177513,2
1979-04-01,10,1,11.1,2625.4,6523.5,40.245,3.4749034749,0.3274395739,-2492,-1.3,517.3,1583,1411200000000,1411766666666.67,370333333333.333,2.7752081406,5.7,-0.3,13.6,-0.0234289823,2
1979-07-01,8.8,3.8,12.9,2706.5,6584.4,41.104,3.3115671642,0.3379873473,-2467,-1,531.8,1585.1,1446033333333.33,1445166666666.67,378433333333.333,2.1872187219,5.9,-0.1,11.3,0.043468966,2
1979-10-01,8.2,1,9.3,2767.2,6600.6,41.924,2.8442437923,0.3486879869,-3186,29.1,550.2,1595.4,1469666666666.67,1466666666666.67,381133333333.333,0.7134678059,6,0.1,18.9,-0.0453458991,2
1980-01-01,8.6,1.4,10.1,2834.5,6623.3,42.796,3.950834065,0.3624459522,-3161,-0.8,571.2,1620.2,1489900000000,1492366666666.67,388100000000,1.8278817562,6.3,0.4,21.5,-0.0631781005,1
1980-04-01,9.1,-8.2,0.2,2835.7,6483.9,43.735,3.6739864865,0.3746752547,-3582,13.3,586.9,1625.9,1513100000000,1514566666666.67,385900000000,-0.5668642103,7.3,1.6,9.3,0.1045752466,1
1980-07-01,9.5,-0.9,8.5,2894.5,6469.3,44.741,1.83299389,0.3817071036,-3546,-1,591.8,1601.9,1560966666666.67,1560333333333.33,399333333333.333,3.4810399931,7.7,1.8,22.9,0.0743156051,2
1980-10-01,11.5,6.6,18.8,3022.1,6573,45.977,2.64,0.3924077433,-4275,20.6,613.4,1601.8,1597433333333.33,1593466666666.67,409400000000,2.5208681135,7.4,1.4,39,0.0338581326,2
1981-01-01,10.4,8.7,20,3163.2,6711.9,47.128,2.6500389712,0.4032612492,-4257,-0.4,636,1622.8,1618100000000,1620733333333.33,415033333333.333,1.3759973946,7.4,1.1,30.7,0.0413697238,2
1981-04-01,7.7,-3.1,4.4,3197.3,6659.5,48.011,2.3158694002,0.4116688947,-1962,-53.9,649,1627.9,1662333333333.33,1664566666666.67,425766666666.667,2.5861376596,7.4,0.1,49,-0.0268859514,2
1981-07-01,7.4,4.9,12.6,3293.9,6739.2,48.877,2.8200371058,0.4231338658,-2368,20.7,655.2,1621.6,1695366666666.67,1694066666666.67,426933333333.333,0.2740155014,7.4,-0.3,12.8,-0.1299033658,1
1981-10-01,7.7,-4,3.4,3321.2,6669.8,49.794,1.4435221942,0.4300128484,-1866,-21.2,678.8,1639.9,1742566666666.67,1737800000000,432133333333.333,1.217988757,8.2,0.8,-1.4,0.0294359867,1
1982-01-01,5.7,-6.7,-1.4,3309.8,6555.4,50.489,0.8182141587,0.4338345054,-1771,-5.1,687.4,1638.2,1773266666666.67,1777133333333.33,442433333333.333,2.3835236038,8.8,1.4,-9.3,-0.0596914286,1
1982-04-01,4.9,2.7,7.8,3372.2,6599.7,51.096,1.5172900494,0.440102023,-1936,9.3,701,1648.9,1811833333333.33,1815100000000,447100000000,1.0547728471,9.4,2,-17.5,-0.0131750064,1
1982-07-01,5.9,-2.2,3.6,3402.1,6563.7,51.832,1.8769551616,0.447745337,-2318,19.7,714.5,1659.3,1847000000000,1845400000000,452100000000,1.1183180497,9.9,2.5,-13.3,0.1038513172,1
1982-10-01,4.5,0.2,4.8,3441.9,6567.5,52.408,0.2388263391,0.4491211335,-2535,9.4,737.2,1685.8,1893666666666.67,1886866666666.67,470266666666.667,4.0182850402,10.7,2.5,13.3,0.1676875872,2
1983-01-01,3.3,5.2,8.7,3514.4,6651.8,52.833,-0.0680735194,0.4494268661,-2130,-16,748.8,1701.9,1986800000000,1990833333333.33,484033333333.333,2.9274170683,10.4,1.6,41,0.0797771705,2
1983-04-01,2.8,9.6,12.6,3620.6,6806.4,53.194,1.2602179837,0.4546243196,-2022,-5.1,761,1719.1,2039400000000,2042033333333.33,499066666666.667,3.1058467048,10.1,0.7,67.9,0.0813518225,2
1983-07-01,4.3,8.1,12.7,3730.1,6939.7,53.751,1.1772620249,0.4590574418,-2001,-1,780.9,1747.3,2074733333333.33,2074300000000,510366666666.667,2.2642265562,9.4,-0.5,74.8,0.0091410521,2
1983-10-01,3,8.6,11.8,3835.8,7084,54.147,0.897606383,0.4636434302,-1622,-18.9,772.3,1718,2118200000000,2111966666666.67,519200000000,1.7307817909,8.5,-2.2,27,0.0206871944,2
1984-01-01,4.3,7.8,12.4,3949.8,7217.7,54.724,1.1202635914,0.4702166803,-2605,60.6,794.2,1738.1,2154233333333.33,2157533333333.33,528000000000,1.6949152542,7.9,-2.5,2.9,-0.0744851586,2
1984-04-01,3.4,7.2,10.8,4052.5,7343.6,55.185,1.0752688172,0.4746498025,-2565,-1.5,819.2,1777.1,2200966666666.67,2204000000000,537300000000,1.7613636364,7.4,-2.7,-19.3,-0.0278910455,2
1984-07-01,3.3,3.9,7.3,4124.7,7414.5,55.631,1.0960670535,0.478777192,-2769,8,832.7,1791.8,2233566666666.67,2233133333333.33,541666666666.667,0.8127055028,7.4,-2,-19.5,0.0656216884,2
1984-10-01,2.7,2.8,5.6,4180.8,7465.4,56.003,0.7334183673,0.4829045816,-2806,1.3,854.7,1826,2288500000000,2282566666666.67,547600000000,1.0953846154,7.3,-1.2,-12.8,0.0040274797,2
1985-01-01,4.7,3.3,8.1,4262.7,7525.4,56.644,0.6331117442,0.4873377038,-2461,-12.3,874.5,1848,2348133333333.33,2351233333333.33,562400000000,2.7027027027,7.2,-0.7,4.8,0.0455689725,2
1985-04-01,2.5,3.8,6.5,4330,7596.3,57.001,1.2268008808,0.4917708259,-1433,-41.8,898.5,1891,2390200000000,2392866666666.67,575933333333.333,2.4063537221,7.3,-0.1,17.8,0.0542162017,2
1985-07-01,2.3,5.8,8.3,4417.1,7704.6,57.33,0.7147296457,0.4948281515,-1283,-10.5,924.6,1935.4,2443700000000,2443700000000,596200000000,3.5189258016,7.2,-0.2,21.1,-0.0051143426,2
1985-10-01,2.3,3.3,5.7,4478.7,7767,57.663,0.89478556,0.4998727388,-1314,2.4,936.1,1941.8,2484633333333.33,2479766666666.67,613266666666.667,2.8625740803,7,-0.3,23.4,0.1641088941,2
1986-01-01,2,3.4,5.4,4538.5,7832.8,57.943,0.2140672783,0.5024714656,-919,-30.1,944.2,1958,2514033333333.33,2516600000000,626700000000,2.1904554843,7,-0.2,26.4,0.1758228969,2
1986-04-01,1.6,1.2,2.9,4570.7,7856.5,58.177,-0.2136100092,0.5000256051,-670,-27.1,965.8,1997.8,2581133333333.33,2583233333333.33,651200000000,3.9093665231,7.2,-0.1,36.2,0.0407509032,2
1986-07-01,1.7,4.3,6,4637.8,7939,58.418,0.7339449541,0.5030829307,-538,-19.7,993,2043.4,2647600000000,2647933333333.33,678800000000,4.2383292383,7,-0.2,26,-0.0661164884,2
1986-10-01,2.3,1.5,3.8,4681.4,7968.9,58.746,0.5464480874,0.5065988552,-220,-59.1,994.8,2031.5,2711366666666.67,2706800000000,708333333333.334,4.350815164,6.8,-0.2,17.6,0.0726247185,2
1987-01-01,3,3,6,4750.6,8027.4,59.18,1.1171497585,0.5127135064,189,-185.9,1008,2044.3,2746666666666.67,2749500000000,731566666666.666,3.28,6.6,-0.4,17.8,0.2155858541,2
1987-04-01,2.7,4.9,7.7,4839.6,8123,59.579,1.3138250224,0.5185224251,-146,-177.2,1025,2062.9,2772133333333.33,2773200000000,744300000000,1.7405567959,6.3,-0.9,8.1,0.0493949295,2
1987-07-01,2.9,3.6,6.7,4918.3,8195.4,60.013,1.1494252874,0.5240256112,-643,340.4,1036,2067.7,2790233333333.33,2790533333333.33,745166666666.666,0.1164405034,6,-1,17.8,0.0734950569,2
1987-10-01,3.4,6.9,10.5,5042.4,8332.9,60.511,0.844988345,0.5289173322,-1398,117.4,1054,2092.8,2826033333333.33,2822333333333.33,753200000000,1.0780585999,5.8,-1,-4.4,-0.253227695,2
1988-01-01,3.2,2.7,5.9,5115.6,8388.1,60.986,0.6067610517,0.5330447218,-2062,47.5,1057,2078.6,2869933333333.33,2871833333333.33,758566666666.666,0.7125154895,5.7,-0.9,-12.8,0.0253916022,2
1988-04-01,3.9,5.2,9.3,5230.5,8494.4,61.576,1.2636415853,0.539159373,1732,-184,1070.8,2086.1,2926133333333.33,2927433333333.33,772700000000,1.8631629828,5.5,-0.8,-10.1,0.0772863998,2
1988-07-01,4.8,2.1,7,5319.6,8538.5,62.302,1.33295519,0.5457326231,1454,-16.1,1078.4,2087.5,2953433333333.33,2954466666666.67,782800000000,1.3071049566,5.5,-0.5,-12.7,-0.0134471987,2
1988-10-01,3.3,5.6,9,5435.4,8654.6,62.803,1.0355443605,0.5516944081,1504,3.4,1106.4,2126.8,2984233333333.33,2980366666666.67,784966666666.666,0.2767841935,5.3,-0.5,11.1,0.0263428163,2
1989-01-01,4.5,4,8.7,5549.7,8740.5,63.495,1.108033241,0.5579619256,1140,-24.2,1116.9,2117.2,2995866666666.67,2996833333333.33,784166666666.666,-0.1019151556,5.2,-0.5,11.8,0.0576647284,2
1989-04-01,4.2,3.1,7.4,5650.1,8807.1,64.154,1.6438356164,0.5669810362,1133,-0.6,1146.1,2151.8,3016233333333.33,3017466666666.67,775900000000,-1.0541976621,5.2,-0.3,14.7,0.0638466703,2
1989-07-01,2.9,3.2,6.2,5735.9,8876.2,64.62,0.8086253369,0.5714141583,959,-15.4,1164.6,2169.8,3073233333333.33,3075400000000,779400000000,0.4510890579,5.2,-0.3,19.6,0.1035876167,2
1989-10-01,2.8,1.3,4.1,5794.2,8904.4,65.072,0.9625668449,0.577223077,1036,8,1180.2,2181.5,3139000000000,3135366666666.67,789133333333.334,1.2488238816,5.4,0.1,21.2,0.0224225904,2
1990-01-01,4.5,4.3,9,5920.4,8998.5,65.793,1.7213983051,0.5871593853,-1023,-198.7,1214,2215.8,3179600000000,3180366666666.67,798333333333.334,1.1658359382,5.3,0.1,8.7,-0.0167041988,2
1990-04-01,4.2,1.7,5.9,6006.3,9035.5,66.475,1.0153605832,0.5929683039,-2294,124.2,1228.6,2221.2,3207166666666.67,3206766666666.67,806366666666.666,1.006263048,5.3,0.1,2.5,0.0640807326,2
1990-07-01,3.6,-0.2,3.4,6056.6,9029.9,67.073,1.7268041237,0.6032103448,-2621,14.3,1240.4,2219.9,3238533333333.33,3241533333333.33,815333333333.334,1.1119837956,5.7,0.5,-11.2,-0.1486484141,1
1990-10-01,3.1,-1.9,1.1,6073.8,8986.6,67.587,1.6214846719,0.6134523856,-3389,29.3,1270.4,2240.2,3269033333333.33,3265566666666.67,822233333333.334,0.8462796402,6.1,0.7,-23.3,0.0738762396,1
1991-01-01,4.1,-2.6,1.4,6094.3,8927.5,68.265,0.822737472,0.618038374,-214,-93.7,1287.2,2251.2,3304733333333.33,3305133333333.33,832833333333.334,1.2891717679,6.6,1.3,-1.4,0.1063918653,2
1991-04-01,2.8,2.4,5.2,6172.2,8979.8,68.734,0.5934718101,0.6217071648,2232,-1143,1296.6,2259.2,3343200000000,3342533333333.33,849533333333.334,2.0052031219,6.8,1.5,10.7,-0.0024400623,2
1991-07-01,3,1.7,4.7,6243.5,9017.3,69.239,0.7866273353,0.6264460195,2549,14.2,1302.4,2250.8,3350833333333.33,3355066666666.67,866033333333.334,1.9422428,6.9,1.2,24.4,0.0378498323,2
1991-10-01,2.2,2.3,4.5,6312.5,9067.9,69.614,0.756097561,0.631643473,3940,54.6,1306.5,2242.3,3369966666666.67,3365400000000,887533333333.334,2.4825834264,7.1,1,52.7,0.0504049033,2
1992-01-01,1.7,4.7,6.6,6413.5,9173.7,69.912,0.7020091987,0.6359237289,3936,-0.1,1326.9,2259.7,3391700000000,3394066666666.67,924100000000,4.1200330504,7.4,0.8,45.5,0.0210298438,2
1992-04-01,2.6,4.4,7.1,6524.4,9273.3,70.357,0.8173076923,0.6408154499,4619,17.4,1338.7,2256.8,3397466666666.67,3396166666666.67,949566666666.666,2.7558345056,7.6,0.8,17.1,0.0256686046,2
1992-07-01,1.9,3.7,5.7,6615.8,9358.9,70.69,0.7868383405,0.6457071709,4846,4.9,1355.4,2268.4,3395666666666.67,3399700000000,975000000000,2.6784147155,7.6,0.7,12.9,-0.0141207526,2
1992-10-01,2.7,4.1,7,6727.9,9453.6,71.167,0.7097232079,0.6513632233,3078,-36.5,1360.5,2263.5,3429633333333.33,3423466666666.67,1014766666666.67,4.0786324786,7.4,0.3,16.6,0.0090015466,2
1993-01-01,2.3,1.2,3.5,6786.2,9481.6,71.572,0.8456659619,0.656102078,2265,-26.4,1351.5,2237.8,3409700000000,3413200000000,1034100000000,1.9051998817,7.1,-0.3,10.3,0.0405924068,2
1993-04-01,2.5,2,4.5,6861.1,9528.3,72.007,0.7686932215,0.6608409327,4135,82.6,1360.9,2240.3,3429733333333.33,3428300000000,1062900000000,2.7850304613,7.1,-0.5,18.3,0.0235712976,2
1993-07-01,2.4,2.3,4.8,6941.2,9582.2,72.439,0.3929727231,0.6638982583,3464,-16.2,1370.6,2245.1,3440300000000,3444566666666.67,1094333333333.33,2.9573180293,6.8,-0.8,26.6,0.0111032741,2
1993-10-01,2.1,4.5,6.7,7054.3,9687.9,72.816,0.6907667511,0.6694014444,3959,14.3,1381.3,2250,3472066666666.67,3464966666666.67,1122266666666.67,2.5525434054,6.6,-0.8,22.5,0.0559671685,2
1994-01-01,1.9,4.4,6.4,7164.5,9791.9,73.167,0.6402927052,0.6727645026,4882,23.3,1373.9,2222.1,3469966666666.67,3474633333333.33,1136000000000,1.2237139123,6.6,-0.5,14.8,-0.0314670133,2
1994-04-01,2,5.3,7.4,7293.6,9919,73.532,0.6362190411,0.6765861596,4635,-5.1,1392.4,2235.1,3484833333333.33,3483700000000,1143200000000,0.6338028169,6.2,-0.9,6.6,-0.0030253358,2
1994-07-01,2.2,2.3,4.5,7374.4,9974.8,73.931,0.8805599458,0.6828536772,3859,-16.7,1424.4,2272.7,3482433333333.33,3485800000000,1151066666666.67,0.6881268953,6,-0.8,2,0.060199285,2
1994-10-01,2.2,4.5,6.9,7497.9,10086,74.339,0.4700089526,0.6868282005,2784,-27.9,1424.2,2252.2,3491333333333.33,3484766666666.67,1150600000000,-0.0405421059,5.6,-1,-1.8,-0.0022741584,2
1995-01-01,2.3,1.9,4.2,7575.9,10132.5,74.769,0.8242370238,0.6918727877,6176,121.8,1440,2256.8,3485100000000,3488933333333.33,1148500000000,-0.1825134712,5.5,-1.1,-0.4,0.0843017494,2
1995-04-01,1.8,1.5,3.3,7638.4,10170.9,75.1,0.8837825895,0.6975288401,5189,-16,1455.6,2268.6,3522333333333.33,3521600000000,1146266666666.67,-0.1944565375,5.7,-0.5,19,0.0958224399,2
1995-07-01,1.9,2.7,4.7,7726.2,10239,75.458,0.4380201489,0.7010447646,4604,-11.3,1457.3,2262.4,3580366666666.67,3583366666666.67,1144300000000,-0.1715714784,5.7,-0.3,37.1,0.051138147,2
1995-10-01,2,3.5,5.5,7830.8,10326.6,75.831,0.4797208897,0.7048664216,4228,-8.2,1455.7,2242.1,3623333333333.33,3618033333333.33,1132933333333.33,-0.9933292551,5.6,0,37.9,0.0684974985,2
1996-01-01,2.2,3,5.2,7931.3,10402.8,76.242,0.9114583333,0.7111339391,4250,0.5,1472.9,2246.8,3661200000000,3662500000000,1121533333333.33,-1.0062374956,5.5,0,36.4,0.0918524483,2
1996-04-01,1.5,6.7,8.3,8091.5,10572.6,76.532,0.9892473118,0.7172485904,4076,-4.1,1492.5,2282.8,3706900000000,3706233333333.33,1118833333333.33,-0.2407418415,5.5,-0.2,37.2,0.0120777357,2
1996-07-01,1.1,3.6,4.7,8185.8,10665.7,76.748,0.5323679727,0.72137598,4567,12,1500.5,2285.2,3736266666666.67,3741166666666.67,1103433333333.33,-1.3764337852,5.3,-0.4,12.6,0.0402396624,2
1996-10-01,2,4.6,6.7,8319.4,10785,77.138,0.7201864012,0.7276434975,4946,8.3,1519.8,2301.9,3787300000000,3784166666666.67,1083533333333.33,-1.8034619219,5.3,-0.3,21.5,0.0962401567,2
1997-01-01,2.5,2.7,5.2,8426,10856,77.616,0.6729758149,0.7320766196,5485,10.9,1532.2,2301.3,3834233333333.33,3832466666666.67,1077533333333.33,-0.5537439242,5.2,-0.3,24,0.0209684473,2
1997-04-01,1.1,6.5,7.7,8583.4,11028.9,77.827,0.3969082933,0.7337581487,6862,25.1,1552.2,2325.3,3876200000000,3875433333333.33,1064566666666.67,-1.2033657118,5,-0.5,12.2,0.1654628942,2
1997-07-01,1.4,4.8,6.3,8715.6,11158.9,78.104,0.3953391594,0.7374269395,6745,-1.7,1559.8,2329,3928833333333.33,3935800000000,1069133333333.33,0.4289695338,4.9,-0.4,39.8,0.0355098993,2
1997-10-01,1.3,2.8,4.2,8805.5,11236.5,78.365,0.3937823834,0.7414014628,7202,6.8,1572.4,2332.5,4000600000000,3997733333333.33,1069600000000,0.0436490615,4.7,-0.6,28.3,-0.0046581291,2
1998-01-01,0.7,4.4,5.1,8915.9,11358.8,78.493,0.2683732453,0.7429301256,8124,12.8,1566.7,2319,4075400000000,4070633333333.33,1076333333333.33,0.6295188232,4.6,-0.6,27.5,0.1127381061,2
1998-04-01,0.8,3.8,4.7,9018.1,11464.8,78.658,0.5353098621,0.7453759861,8067,-0.7,1604.4,2366,4148233333333.33,4146833333333.33,1077266666666.67,0.086714153,4.4,-0.6,37.2,0.017296984,2
1998-07-01,1.5,4.7,6.3,9156.9,11597.8,78.954,0.3891050584,0.7491976431,7706,-4.5,1628.6,2387.6,4205700000000,4216333333333.33,1076833333333.33,-0.0402252615,4.5,-0.4,12.8,-0.1239263584,2
1998-10-01,1.3,6.8,8.2,9338.7,11791,79.202,0.3467972256,0.7527135676,6305,-18.2,1654.3,2409.4,4327233333333.33,4324466666666.67,1092066666666.67,1.4146416963,4.4,-0.3,14.8,0.1707095333,2
1999-01-01,2,3.6,5.7,9469.2,11896.1,79.599,0.3862573694,0.7554651606,7981,26.6,1676,2418.1,4408966666666.67,4401200000000,1097366666666.67,0.4853183566,4.3,-0.3,40.1,0.0658644677,2
1999-04-01,1.4,3.6,5,9584.4,12000.4,79.868,0.9720534629,0.761121213,7363,-7.7,1703.7,2431.7,4466966666666.67,4464933333333.33,1101566666666.67,0.3827344248,4.3,-0.1,38.1,0.1210536104,2
1999-07-01,1.5,5,6.5,9736.8,12147.2,80.157,0.6217408744,0.7667772654,7165,-2.7,1740.2,2460.3,4517033333333.33,4530700000000,1097933333333.33,-0.3298332678,4.2,-0.3,51.7,-0.0577760439,2
1999-10-01,1.8,7.5,9.5,9960.6,12369.8,80.523,0.6178991429,0.7724333178,6301,-12.1,1784.2,2496.7,4595600000000,4592033333333.33,1112266666666.67,1.3054830287,4.1,-0.3,76,0.1122341578,2
2000-01-01,3.1,1,4.1,10061.8,12400.8,81.138,0.9904912837,0.7800766319,7008,11.2,1795.1,2476.2,4673600000000,4664633333333.33,1112766666666.67,0.0449532486,4,-0.3,86.8,-0.0500290508,2
2000-04-01,2.3,7.9,10.3,10312.2,12638,81.597,1.0592389172,0.7861912831,6779,-3.3,1828.9,2506.4,4744533333333.33,4743066666666.67,1107766666666.67,-0.4493304976,3.9,-0.4,48.5,-0.0434016699,2
2000-07-01,2.6,0.3,2.9,10386.7,12647.4,82.125,0.7958074534,0.7933759983,4554,-32.8,1845,2501.2,4785200000000,4799000000000,1101133333333.33,-0.5988023952,4,-0.2,44.1,0.0194316561,2
2000-10-01,2.2,3.3,5.5,10526.4,12749,82.567,0.5391873676,0.7990320507,2931,-35.6,1868.7,2509,4875066666666.67,4870366666666.67,1093200000000,-0.720469819,3.9,-0.2,-7.4,0.0127622778,2
2001-01-01,2.5,-1.7,0.8,10548.6,12695.9,83.087,0.9576709443,0.8066753648,3524,20.2,1911.9,2546.3,5005566666666.67,4997833333333.33,1102266666666.67,0.8293694353,4.2,0.2,-46.8,-0.0841830562,1
2001-04-01,2.9,2.5,5.4,10688.1,12773.6,83.673,1.0434452666,0.8123314172,2643,-25,1958.6,2596.4,5124666666666.67,5123433333333.33,1120500000000,1.6541671707,4.4,0.5,-44.5,0.0631272283,1
2001-07-01,1.3,-2.1,-0.8,10666.3,12705.9,83.948,0.1314307172,0.8146244114,2646,0.1,1965.5,2594.6,5225966666666.67,5238600000000,1164900000000,3.9625167336,4.8,0.8,-52.3,-0.157567794,1
2001-10-01,1.2,3.5,4.8,10791.5,12816.3,84.201,-0.2812675792,0.8140129462,2379,-10.1,1999.1,2632.4,5362500000000,5355933333333.33,1173266666666.67,0.7182304633,5.5,1.6,-39.6,0.1326851697,2
2002-01-01,1.3,2.2,3.5,10885.6,12886.8,84.471,0.3572771719,0.816611673,4285,80.1,2048.3,2671.3,5452300000000,5449900000000,1191500000000,1.5540655719,5.7,1.5,-20.1,0.0381619518,2
2002-04-01,1.5,1.5,3,10967.3,12935.2,84.786,1.0867528574,0.8230320568,4477,4.5,2080.6,2696.9,5495066666666.67,5492466666666.67,1189800000000,-0.1426772975,5.8,1.4,-20.9,-0.1115615815,2
2002-07-01,1.8,2.5,4.3,11083.9,13014.6,85.165,0.4263206673,0.827465179,9396,109.9,2107.7,2717.8,5585500000000,5595333333333.33,1194133333333.33,0.3642068695,5.7,0.9,-30.2,-0.1786523369,2
2002-10-01,2.2,0.9,3.1,11167.7,13042.3,85.626,0.3137689184,0.8323569,9253,-1.5,2143.1,2737.1,5718000000000,5710066666666.67,1211233333333.33,1.4320008933,5.9,0.4,-26.6,0.0987495933,2
2003-01-01,2.5,1.6,4.1,11280.2,13092.8,86.155,1.0119595216,0.8409174117,7442,-19.6,2178,2728.3,5800766666666.67,5804400000000,1234766666666.67,1.9429231912,5.9,0.2,-28.2,-0.0418982861,2
2003-04-01,1.3,4.3,5.6,11434.5,13229.7,86.431,0.364298725,0.8395416152,6739,-9.4,2216.9,2771.2,5924933333333.33,5919866666666.67,1266233333333.33,2.5483897093,6.1,0.3,-7.5,0.1242860164,2
2003-07-01,2.2,6.8,9.2,11689.1,13449.7,86.909,0.4900181488,0.8458091327,6187,-8.2,2231.2,2771.2,6032466666666.67,6040766666666.67,1293366666666.67,2.1428383394,6.1,0.4,34.8,0.0322321444,2
2003-10-01,1.9,5.7,7.7,11907.4,13636.2,87.321,0.0180603215,0.8490193246,6350,2.6,2257.3,2786.3,6043333333333.33,6035333333333.33,1300833333333.33,0.5773047086,5.8,-0.1,44.1,0.1270999864,2
2004-01-01,3.5,2.9,6.5,12097.3,13734,88.083,0.9028530155,0.8562040398,5503,-13.3,2303.1,2793.9,6075000000000,6083100000000,1318566666666.67,1.3632286996,5.7,-0.2,50.8,-0.0092042028,2
2004-04-01,3.5,2.1,5.7,12265.3,13804.5,88.85,1.4316392269,0.8629301562,5525,0.4,2343.6,2809.9,6222500000000,6212933333333.33,1335633333333.33,1.2943347574,5.6,-0.5,30.4,0.0075093892,2
2004-07-01,2.5,4,6.6,12462.4,13940.4,89.398,0.352858151,0.8684333423,4557,-17.5,2381.8,2820.7,6274333333333.33,6282866666666.67,1352166666666.67,1.2378646834,5.4,-0.7,6.1,-0.0340386834,2
2004-10-01,2.8,2.6,5.5,12631.2,14030.6,90.026,0.5977496484,0.8777581854,3955,-13.2,2401.2,2808.2,6372833333333.33,6367133333333.33,1370766666666.67,1.3755700727,5.4,-0.4,6.1,0.0697144025,2
2005-01-01,3.8,5.4,9.3,12916.6,14215.9,90.861,0.6291506466,0.8821913076,2005,-49.3,2442.2,2814.1,6395433333333.33,6404000000000,1369733333333.33,-0.0753836053,5.3,-0.4,0.8,-0.0258972216,2
2005-04-01,2.9,1.7,4.7,13065.8,14276.5,91.52,1.3372698854,0.8881530925,1266,-36.9,2469.7,2818.9,6463900000000,6448733333333.33,1367133333333.33,-0.1898179694,5.1,-0.5,1.4,-0.0217817239,2
2005-07-01,3.8,3.7,7.6,13307.8,14405.8,92.378,1.2167952014,0.9016053252,129,-89.8,2521.6,2841,6528700000000,6541333333333.33,1374600000000,0.5461549715,5,-0.4,14.8,0.0285869448,2
2005-10-01,3.1,1.4,4.5,13454.9,14455.3,93.08,0.5079580088,0.9100129707,370,186.8,2541.3,2830.7,6630033333333.33,6628466666666.67,1375866666666.67,0.0921480188,5,-0.4,6.2,0.0140793097,2
2006-01-01,3.2,4.9,8.3,13724.3,14629.9,93.81,0.539083558,0.9147518254,2721,635.4,2592.2,2853.5,6712233333333.33,6715333333333.33,1380600000000,0.3440255839,4.7,-0.6,11.4,0.036558899,2
2006-04-01,3.3,1,4.3,13870.2,14667.4,94.565,1.6923592493,0.9230066046,2080,-23.6,2630.7,2864.1,6806733333333.33,6787233333333.33,1379933333333.33,-0.0482881839,4.6,-0.5,11.1,0.0036815935,2
2006-07-01,2.8,0,2.8,13965.6,14666,95.224,0.5602240896,0.9317199826,1302,-37.4,2655.4,2870.4,6864700000000,6885033333333.33,1369100000000,-0.7850620803,4.6,-0.4,-0.4,0.0474295574,2
2006-10-01,1.4,3.5,4.9,14133.9,14791.1,95.557,-0.8520399803,0.9278983256,1072,-17.7,2690.6,2889.1,6998366666666.67,6999766666666.67,1369700000000,0.0438244102,4.4,-0.6,9.6,0.0671354825,2
2007-01-01,4.6,0.3,4.8,14301.9,14800.5,96.631,1.0191703851,0.936995398,451,-57.9,2735.6,2882.7,7107400000000,7101166666666.67,1367300000000,-0.1752208513,4.5,-0.2,6.7,-0.0087297353,2
2007-04-01,2.3,3.7,6,14512.9,14935.3,97.172,1.9173290886,0.9476073752,2188,385.1,2782.5,2907,7244466666666.67,7222566666666.67,1373866666666.67,0.4802652429,4.5,-0.1,14.2,0.0853359343,2
2007-07-01,1.4,4.3,5.8,14717.8,15093.7,97.51,0.2759287112,0.9536058481,3800,73.7,2824.3,2928,7305566666666.67,7336333333333.33,1373733333333.33,-0.0097049689,4.7,0.1,21.8,0.0363206654,2
2007-10-01,1.8,2.7,4.5,14880.3,15193.5,97.939,0.7112145553,0.9653031759,1739,-54.2,2865.3,2939.8,7411900000000,7414300000000,1375500000000,0.1286033194,4.8,0.4,13.2,-0.0453962865,1
2008-01-01,2.3,-3.1,-0.8,14848.7,15074.5,98.502,1.1367736419,0.9757592295,1187,-31.7,2923.8,2952,7575066666666.67,7558200000000,1382366666666.67,0.4992124076,5,0.5,-4.4,-0.0755328757,1
2008-04-01,2,2,4.1,14997.5,15150.6,98.989,2.1953446561,0.9884532455,717,-39.6,2983.4,2975,7709866666666.67,7688666666666.67,1394300000000,0.86325384,5.3,0.8,-5,-0.0744424846,1
2008-07-01,2.8,-1.5,1.3,15045.2,15094.5,99.674,1.1630553462,1.0036940137,881,22.9,3055.9,3016.2,7741133333333.33,7779933333333.33,1429666666666.67,2.5365177269,6,1.3,-12.1,-0.043995556,1
2008-10-01,0.5,-10.1,-9.6,14671,14699.7,99.805,-2.8285294292,0.980707511,582,-33.9,3049.7,3035.9,8030133333333.33,8030200000000,1530966666666.67,7.0855677314,6.9,2.1,-40.7,-0.19116533,1
2009-01-01,1,-5.2,-4.3,14512.3,14504.2,100.056,-0.497633075,0.973961522,103,-82.3,3035.4,3040.5,8314066666666.67,8290900000000,1576400000000,2.9676239413,8.3,3.3,-36.5,-0.1330239426,1
2009-04-01,-0.7,-0.6,-1.3,14465.1,14480.6,99.893,1.0603023371,0.9791406316,754,632,3086.5,3096,8405433333333.33,8386433333333.33,1626600000000,3.1844709465,9.3,4,-28.5,0.1101444095,2
2009-07-01,-0.1,2.8,2.8,14563.6,14581.7,99.876,0.6790719816,0.9875650924,1507,99.9,3112.5,3113,8364133333333.33,8409033333333.33,1662566666666.67,2.2111561949,9.6,3.6,-13.4,0.1497904582,2
2009-10-01,1.2,3.6,4.9,14738.1,14712.6,100.174,0.2011885888,0.9952970689,635,-57.9,3122,3106.8,8459166666666.67,8453733333333.33,1684900000000,1.3433045291,9.9,3,34.8,0.0736974222,2
2010-01-01,1.9,2.1,4,14884.7,14790,100.64,0.4014150536,0.9967217826,-448,-170.6,3135.7,3084.3,8484566666666.67,8462200000000,1695266666666.67,0.6152689576,9.8,1.5,53.7,0.0410987673,2
2010-04-01,1.8,3.9,5.7,15093.9,14932.9,101.078,0.4750721517,0.9966270055,-2392,433.9,3181.5,3106.2,8564600000000,8550766666666.67,1711100000000,0.9339730229,9.6,0.3,35.1,-0.0997187893,2
2010-07-01,1.8,2.5,4.4,15257.4,15026.4,101.538,0.0932504984,0.9996996178,-3908,63.4,3194.7,3103.5,8578333333333.33,8624300000000,1747133333333.33,2.1058578302,9.5,-0.1,12.8,0.1037474857,2
2010-10-01,2.1,2.9,5,15445.4,15133.8,102.059,0.2949163207,1.007396435,-5592,43.1,3184.2,3071.5,8747666666666.67,8733733333333.33,1814233333333.33,3.8405769451,9.6,-0.4,17.3,0.0731791195,2
2011-01-01,1.8,-1.2,0.5,15466.5,15086.5,102.519,1.2648223751,1.0178647179,-6474,15.8,3153.8,3012.2,8879266666666.67,8856800000000,1872100000000,3.1895934003,9,-0.7,20.1,0.0641087764,2
2011-04-01,3,2.9,6,15692,15195.1,103.27,1.7433108922,1.030263702,-6637,2.5,3183.8,3009,9032000000000,9027033333333.33,1929700000000,3.0767587202,9.1,-0.5,18.1,0.0076795514,2
2011-07-01,2.4,1.4,3.9,15842.6,15249.1,103.892,0.4085179843,1.0370081623,-7512,13.2,3176.8,2990,9375833333333.33,9424066666666.67,2083233333333.33,7.9563317269,9,-0.5,16.5,-0.1209053401,2
2011-10-01,0.6,4.9,5.5,16057.1,15433.2,104.043,-0.1520557705,1.0410040869,-7973,6.1,3160.4,2978.3,9601666666666.67,9577300000000,2153233333333.33,3.3601612877,8.6,-0.9,2.6,0.1195028488,2
2012-01-01,2.1,1.3,3.5,16195,15484.6,104.588,0.7956386559,1.0464247252,-7198,-9.7,3166.2,2957.8,9780100000000,9756533333333.33,2213300000000,2.7896032323,8.2,-0.8,6.1,0.0813975949,2
2012-04-01,1.8,1.4,3.2,16325,15538.1,105.064,0.8275317381,1.0500277834,-8095,12.5,3163.3,2954.9,9892766666666.67,9897133333333.33,2258066666666.67,2.0226208226,8.2,-0.9,5.8,-0.0251248104,2
2012-07-01,1.9,2.1,4,16484,15617.5,105.548,0.219328148,1.0544975935,-9386,15.9,3190.5,2974.4,10040666666666.7,10088600000000,2350833333333.33,4.1082341826,8,-1,16.1,0.043248145,2
2012-10-01,1.5,0.3,1.8,16558,15629.1,105.944,0.0360404695,1.0608017989,-11873,26.5,3156.6,2928.7,10333166666666.7,10300266666666.7,2423400000000,3.0868486352,7.8,-0.8,15.4,-0.0247813335,2
2013-01-01,1.4,2.3,3.8,16711.2,15717.2,106.324,0.5903298758,1.0639416723,-12994,9.4,3135.9,2899.8,10495933333333.3,10472366666666.7,2471500000000,1.9848147231,7.7,-0.6,9.3,0.1125140604,2
2013-04-01,1.1,1.9,3,16834,15790.6,106.608,0.5409806119,1.0650056217,-15228,17.2,3142.4,2901.2,10583866666666.7,10594500000000,2524166666666.67,2.1309596062,7.5,-0.7,15.1,0.0227087212,2
2013-07-01,1.6,4.8,6.5,17103.1,15977.6,107.044,0.3779793413,1.0707182346,-15997,5,3154.7,2902.4,10704633333333.3,10753533333333.3,2562866666666.67,1.5331792671,7.2,-0.8,20.3,0.0147602887,2
2013-10-01,1.4,3.7,5.2,17321.2,16124.3,107.423,-0.2790676461,1.0737465156,-16935,5.9,3142.7,2874.5,10960400000000,10922600000000,2620366666666.67,2.2435814062,7,-0.8,31.8,0.0956392307,2
2014-01-01,1.3,-2.8,-1.5,17255,16009.8,107.778,0.7612225297,1.0788415487,-16931,0,3139.1,2868.5,,,2717266666666.67,3.6979557568,6.7,-1.1,32.6,-0.0071787682,2
2014-04-01,2.1,4.6,6.8,17541.7,16189.8,108.35,1.1808678137,1.0869251177,-19316,14.1,3163.1,2880.6,,,2800033333333.33,3.045953041,6.2,-1.3,24.6,0.0224175247,2
2014-07-01,1.4,5.3,6.7,17829.6,16399.3,108.722,0.1146758445,1.0898907235,-21740,12.5,3209.3,2911.9,,,2838233333333.33,1.364269473,,-1.1,23.1,0.0128546468,2
,,,,,,,,,,,3186.7,2896,,,,,,-1.3,16.3,0.0457768338,2
,,,,,,,,,,,,,,,,,,,,-0.0026342263,
,,,,,,,,,,,,,,,,,,,,0.0064265993,
